source1_entity_id	candidate_entity_ids
S1-740217544	S2-700490838,S2-687777283,S2-930524768,S3-294618628,S2-294472803,S3-335297164,S2-594435439,S3-524633377,S2-287466425,S2-727587807,S2-834586799,S3-88744762,S2-567869992,S2-904106597,S3-37415826,S3-74984836,S3-844639521,S2-832301907,S2-92217088,S3-341434696,S3-759641101,S2-629448039,S3-85291248,S2-14617715,S2-314320143,S2-550677111,S2-927566365,S3-275367921,S3-347847939,S3-841245869,S3-182737580,S3-489500391,S3-519498264,S3-998729987,S2-253019666,S3-745231392,S3-91854946,S2-543430100,S2-56510845,S3-889831177,S2-303072506,S2-920722115,S3-175370387,S2-196465463,S3-707244197,S2-640981478,S3-318002039,S2-234314455,S2-357026954,S2-404948075,S2-419130269,S2-610341455,S2-643603067,S3-28346972,S3-573645632,S3-629362952,S3-650008669,S3-674002008,S3-76926066,S3-846646286,S3-933913254,S2-218210699,S2-661497856,S2-876120529,S3-304438470,S3-401916459,S3-515851992,S3-753829908,S2-160590126,S3-511717383,S3-54504865,S3-549099179,S3-705132017,S3-78133020,S2-785832591,S3-752063255,S2-64338014,S2-784511006,S2-806595389,S3-291628968,S3-29196199,S3-476432769,S3-521310879,S3-920676001,S3-494741524,S2-607568427,S3-818450273,S2-293652712,S3-474573272,S3-350192085,S2-450697239,S3-844607272,S2-103596675,S2-141243241,S2-243320530,S2-275052761,S2-327975523,S2-37882255,S2-429293042,S2-543750950,S2-559681101,S2-754279092,S2-947223069,S3-131840080,S3-160580921,S3-192159108,S3-246602354,S3-266980632,S3-315874351,S3-371732760,S3-385225337,S3-626642233,S3-639561509,S3-750826425,S3-812886254,S3-859551921,S3-909044870,S3-979928235,S2-231065708,S2-237511311,S2-239631384,S2-312640497,S2-448674228,S2-705174205,S2-715111263,S2-839308921,S2-91886698,S3-123351337,S3-24295205,S3-257553356,S3-507986095,S3-529435494,S3-594378261,S3-642248861,S3-698658855,S3-744143988,S3-74419095,S3-753404214,S3-786914510,S3-943948851,S2-151861622,S2-185778798,S2-222256745,S2-225198676,S2-27706219,S2-28389178,S2-417842587,S2-467929426,S2-520295482,S2-834229341,S2-83938837,S2-858762341,S2-958405560,S3-121331088,S3-230839042,S3-290037001,S3-425889189,S3-586313965,S3-628362861,S3-829822709,S2-405729079,S2-433613607,S2-49578854,S2-504662391,S3-340060448,S2-529421120,S3-529774555,S2-203595257,S3-489657015,S2-227187628,S3-489912854,S2-71564658,S3-304654639,S2-749650829,S3-599626827,S2-605752167,S2-325178276,S2-613939840,S2-766885663,S2-81700161,S3-34027350,S3-797814454,S3-86900303,S3-876497061,S2-826849321,S3-422360367,S2-576786185,S2-160317257,S2-18234268,S2-259039643,S2-362854430,S2-365336772,S2-385008826,S2-619330993,S2-720873871,S2-924600957,S2-94192572,S2-973489491,S3-108723955,S3-260110409,S3-319700626,S3-708315615,S3-985878384,S2-249296501,S2-926976237,S3-638696338,S3-749211324,S2-258405729,S2-762505351,S2-790533971,S3-105013962,S2-360007993,S2-685213879,S3-650613436,S3-673882322,S2-751286709,S2-955457705,S2-194143929,S2-195400173,S2-257434458,S2-264056522,S2-295387542,S2-308810535,S2-358724081,S2-40800157,S2-452719194,S2-475038352,S2-511801517,S2-517684903,S2-570394714,S2-575843272,S2-636219558,S2-636629672,S2-648965672,S2-746029453,S2-749244661,S2-764490228,S2-786807368,S2-790540191,S2-549275477,S3-348063550,S2-653571206,S2-809729300,S3-944991246,S2-222722797,S2-651979608,S3-663322552,S2-303966442,S3-940047589,S3-555565609,S2-178997902,S3-142126366,S3-332345873,S3-368187524,S3-668106989,S3-83635565,S2-259481379,S2-548383204,S2-568601280,S3-220632642,S3-273272828,S3-723720532,S2-881625398,S2-939239733,S3-995994871,S2-633794554,S2-146413778,S2-260709587,S2-264428602,S2-30241818,S2-410234199,S2-456464362,S2-517639589,S2-540155056,S2-587194391,S2-600801997,S2-602703475,S2-646265439,S2-747336042,S2-75004579,S2-753657306,S2-777069266,S2-787008317,S2-90334393,S3-110959008,S3-171457347,S3-182337711,S3-201019591,S2-312926141,S2-34721157,S2-387030527,S2-643730247,S2-912778038,S3-850256348,S2-161958614,S2-373921276,S2-380049411,S2-390414763,S2-44107222,S2-491504932,S2-54472036,S2-763809049,S2-793972015,S2-92028304,S2-960453451,S3-169395439,S3-34469629,S3-429094263,S3-453090896,S3-522062909,S3-56726966,S3-699258935,S3-711032565,S3-832338512,S3-888198740,S3-909572860,S2-133841049,S2-273300770,S2-274005557,S2-46428650,S2-64848210,S2-733572835,S2-775654705,S2-85963174,S2-917209165,S2-999374853,S3-100488071,S3-123021049,S3-146613999,S3-182982462,S3-257224190,S3-35516780,S3-360041400,S3-439235732,S3-725452098,S3-746791631,S3-964941678,S3-978135946,S2-604704204,S2-636944519,S3-23409383,S3-371776506,S3-426283046,S3-438488936,S3-51837811,S3-595366008,S3-853894804,S2-28163226,S2-435567084,S2-458477768,S3-109505182,S3-372839210,S3-717188027,S2-298294483,S2-323405342,S2-232399776,S2-265477436,S2-546807837,S2-557802090,S2-682421664,S2-72937071,S2-747181313,S2-849762877,S2-949107140,S3-120290671,S3-123639210,S3-414299345,S3-495224188,S3-72085169,S3-757329643,S3-982234834,S2-109779082,S2-11123311,S2-15282122,S2-18558882,S2-252426625,S2-262715736,S2-277603585,S2-277916938,S2-326049566,S2-328028002,S2-356676419,S2-370276888,S2-373538699,S2-387543670,S2-435323953,S2-437474030,S2-474341898,S2-499736229,S2-517395032,S2-529856711,S2-585913110,S2-598408957,S2-61672054,S2-627112771,S2-634720517,S2-693045379,S2-72852491,S2-739061764,S2-742999925,S2-743497651,S2-76876259,S2-785129043,S2-826223022,S2-84668507,S2-852418046,S2-86922989,S2-871071444,S2-876015292,S2-904170159,S2-921840852,S2-9369948,S2-950063836,S2-97766533,S3-104326312,S3-113232447,S3-124556203,S3-12621870,S3-154852240,S3-170809070,S3-186364135,S3-338813655,S3-367742095,S3-398957255,S3-405626778,S3-487488463,S3-528300942,S3-533349311,S3-541785281,S3-550917722,S3-560282757,S3-566095807,S3-572980424,S3-581253320,S3-599628475,S3-617206532,S3-629632630,S3-647167834,S3-694941744,S3-701813240,S3-726283719,S3-731734658,S3-786946772,S3-809893152,S3-815170590,S3-858721170,S3-89175618,S3-901883590,S3-908364941,S3-920197917,S3-931547373,S3-946699007,S3-96714138,S3-977917202,S3-999256540,S2-106122383,S2-187394856,S2-201079916,S2-204059983,S2-214616561,S2-258895109,S2-280557943
S1-218859026	S3-552026473,S3-487021139,S3-612306755,S2-523904893,S3-1463015,S3-478064835,S2-794099142,S2-629552296,S3-71828516,S3-92493977,S3-47831931,S3-457981588,S3-691842751,S3-162914160,S2-507962239,S2-664991816,S3-455870949,S2-472886538,S2-858809657,S3-89146336,S2-308025408,S3-752118248,S2-60704958,S2-467256687,S2-463776613,S3-513655548,S3-488980535,S2-783398379,S3-254358515,S3-536922056,S2-724544431,S3-127142630,S3-328453648,S2-999063927,S2-285041255,S2-546445256,S2-373298676,S2-904504416,S2-821809302,S2-710766891,S2-798219180,S3-780295340,S3-927303108,S2-321516814,S3-80675468,S3-778672293,S3-564120464,S2-980018726,S2-616814626,S2-729911701,S2-476788531,S2-481858394,S2-929874468,S3-243073342,S3-957440008,S3-966191210,S2-554649678,S2-941041693,S2-107737447,S2-768853898,S2-656472294,S2-626127084,S2-117179217,S3-608346197,S3-429557528,S2-59295927,S3-918437307,S2-621182136,S3-997691284,S3-29105348,S2-363314201,S2-227658969,S2-796706140,S3-137878495,S3-475714513,S3-842205707,S2-252760119,S3-284199492,S2-710377677,S3-129685699,S3-142711187,S3-22221432,S3-242115467,S3-480751182,S3-501627210,S3-780445202,S3-863242213,S2-115093671,S2-125402455,S2-747083268,S2-758602916,S2-907626709,S3-989962232,S3-551920559,S3-94501499,S3-54320216,S3-922359539,S3-612390375,S2-730464597,S2-146499962,S2-231794219,S2-983067478,S2-266957409,S3-786417207,S2-896514257,S3-480961379,S2-628134633,S2-541866743,S2-801967790,S2-993862189,S3-203368909,S3-236964095,S3-427768058,S3-523855006,S3-606031368,S3-611032055,S3-624450990,S3-629415018,S3-859730386,S3-873598546,S3-985721663,S2-833231575,S3-939043773,S3-387128309,S3-195404164,S3-623302683,S3-329032004,S3-72372459,S2-183174830,S2-584755315,S2-433104415,S2-943887542,S2-766101359,S3-923177435,S2-303996823,S2-358242450,S2-438544485,S2-602990194,S3-342071238,S2-220912280,S2-265739563,S3-190558439,S2-626673900,S3-482607973,S2-375794775,S2-523019490,S2-579577448,S2-660037022,S2-745854697,S2-287508485,S2-70317427,S2-71530597,S2-796522059,S3-924477421,S3-934235187,S2-202620502,S2-29470517,S2-196956621,S2-197673638,S2-638279802,S3-451093072,S2-598330142,S2-638539388,S2-670006909,S2-957970318,S2-902859279,S3-887165255,S2-823658413,S3-464522635,S2-929827259,S2-671119549,S2-148260430,S2-507865315,S3-728431824,S2-163132202,S3-238932258,S2-37162108,S3-411914967,S3-780353001,S3-810125437,S2-992125899,S2-353314819,S2-846269751,S2-729858839,S2-80105526,S2-35390856,S2-528318143,S2-658505686,S2-380752598,S2-906995468,S3-743771569,S3-542992327,S3-51314843,S3-137426911,S3-455829707,S2-750362195,S2-77370,S2-35394362,S2-419714026,S2-309093154,S2-322270113,S2-395815383,S2-252354833,S2-348688766,S2-369984390,S2-706905219,S2-960856131,S2-985532928,S2-204761832,S2-994379531,S2-155151104,S2-17212306,S2-205672402,S2-559222074,S2-567779580,S2-592116734,S2-679738225,S2-852877377,S2-178997902,S2-212243256,S2-513235174,S2-624325639,S2-942813515,S2-121809654,S2-31753230,S2-506847467,S2-628337392,S2-671741441,S2-896024715,S2-955357370,S2-979010751,S2-946597461,S2-107833229,S2-17015850,S2-388433995,S2-47648140,S2-478349070,S2-509074180,S2-560803139,S2-699556025,S2-737166185,S2-895929949,S2-90334393,S2-754546787,S2-916007332,S2-963803736,S3-73055255,S2-168054390,S2-216412989,S2-345169836,S2-495395254,S2-597116704,S2-610967788,S2-726714687,S2-747120926,S2-756199896,S3-87294473,S2-151061065,S2-385467406,S2-537113431,S2-568072926,S2-650158622,S2-741153170,S2-862467694,S3-768657565,S2-152153806,S2-1830148,S2-317456445,S2-371987908,S2-407601477,S2-459660539,S2-64431076,S2-719974371,S2-886759999,S2-203836835,S2-210201015,S2-262164961,S2-325642542,S2-43593692,S2-689219614,S3-210663709,S3-59428229,S2-177334274,S2-700837092,S3-291045076,S2-596518889,S2-975807990,S2-581155313,S2-662950617,S2-122397835,S2-358758280,S2-310409798,S2-538177108,S2-756102292,S2-878167528,S2-500825285,S2-689729719,S2-741561346,S2-175375839,S2-234003905,S2-7845514,S2-426185991,S2-101849141,S2-12657775,S2-131236788,S2-260709587,S2-287704330,S2-486377510,S2-673107391,S2-923653205,S2-976130581,S2-673768601,S2-243490613,S2-651439335,S3-331287559,S2-221688007,S2-654164166,S2-407894547,S2-466142503,S2-982750926,S2-974977432,S2-236682147,S2-830971701,S2-195064859,S2-296486940,S2-823477368,S2-464742951,S2-843551849,S2-270921775,S2-503940595,S2-722472889,S2-156504315,S2-623873388,S2-858873388,S3-609988740,S3-693931957,S3-707763046,S3-505414679,S3-794891863,S3-423081275,S3-361889568
S1-91475809	S2-971559836,S2-444337157,S3-684234512,S2-13642963,S3-859995447,S2-592892281,S2-97386660,S2-100558219,S2-689809358,S2-791139388,S2-190664051,S2-439009194,S2-924778023,S2-674945578,S2-325280467,S2-857347612,S3-742286238,S3-942804847,S2-4384227,S3-123842480,S2-134038712,S2-298568102,S2-308806691,S3-171625336,S3-728102942,S2-392929844,S3-211901344,S2-44291370,S2-510899024,S3-813184945,S2-830314527,S2-568072926,S3-799944841,S3-94624902,S2-732435263,S3-524982511,S2-459616719,S3-99310127,S2-107119188,S2-343505896,S3-329032004,S2-134823301,S2-20799819,S2-339692911,S2-842805175,S2-886483803,S2-990573893,S3-105705736,S3-388169281,S3-861440194,S2-29211138,S2-494363139,S2-640513255,S2-826189041,S2-904663916,S2-760342223,S2-864690868,S2-317363353,S3-418850760,S2-871137220,S2-120728777,S2-490785936,S2-559233767,S3-773612219,S3-197475353,S2-852058634,S2-184306244,S2-4161,S2-108936824,S2-260944397,S2-826615003,S2-378819321,S2-674877723,S2-640223017,S2-981126065,S2-238425683,S2-283155036,S2-838243921,S2-926816017,S2-95938854,S3-120623517,S3-841405155,S2-652548229,S2-891529069,S2-529656026,S2-231328161,S2-120228909,S2-291114392,S2-198355610,S2-948564851,S2-882460947,S3-454143832,S2-354994590,S2-787065482,S2-720730527,S2-862317385,S3-434361753,S3-461984844,S3-123065253,S3-718696272,S2-96629857,S3-231811696,S2-546545406,S2-51539265,S2-832453289,S3-187278763,S3-192384113,S3-668322767,S3-911029482,S3-322181505,S3-894826597,S3-321464826,S2-290030481,S2-983376623,S2-321882161,S3-224570714,S3-793848384,S2-115270095,S2-45454685,S2-701259959,S3-225617432,S3-266366053,S3-242420685,S3-808020547,S3-295453840,S3-298367329,S2-674034146,S2-945433345,S3-246349378,S3-470657682,S3-645602106,S3-261442308,S2-716516151,S3-300585950,S2-2550866,S2-339232058,S2-653415960,S3-884257035,S2-725052869,S2-794748613,S3-735194630,S2-818699869,S2-796719886,S2-215678942,S3-657173438,S2-677983292,S2-188326759,S2-875956331,S2-939663100,S3-572275928,S3-598453655,S3-986162281,S2-225424157,S3-248523722,S2-818132173,S3-81495834,S3-902826689,S3-712738472,S2-654274195,S2-834811998,S2-154472632,S3-894346755,S3-345669304,S3-880727609,S2-235905284,S3-412326574,S2-687247515,S2-519028599,S2-745928059,S2-141030741,S2-292137348,S2-993490239,S2-969834097,S2-503003013,S2-703017634,S2-954849037,S2-894599373,S2-234429396,S2-167514490,S2-363421679,S2-650072707,S2-767983228,S2-98386146,S3-751816432,S3-79872905,S2-546975770,S2-767777259,S3-240415780,S2-717022663,S3-249990507,S2-472886538,S3-768273777,S3-203406184,S2-632997405,S2-702803711,S3-334834880,S3-607200030,S3-663492147,S3-738304131,S2-679576794,S3-354737106,S2-118705689,S2-401382808,S2-219772710,S3-620883823,S2-548994242,S2-661331587,S2-285761341,S2-367863493,S3-316226897,S3-116262426,S3-744009229,S3-401878142,S3-721002948,S3-900091081,S2-777889767,S2-996890908,S2-267213677,S2-819525401,S2-855804092,S3-192018901,S3-603249158,S2-204853065,S2-463820080,S2-130624124,S2-55701905,S2-887649444,S2-144339504,S2-654571995,S2-212401120,S2-455030461,S2-637455949,S2-901073014,S2-176453032,S2-212541554,S2-82350727,S2-324598557,S2-495592010,S2-558396725,S2-814635835,S2-122986980,S2-74338530,S2-733071221,S2-888257835,S2-264546053,S2-628893906,S2-928319016,S2-130746978,S2-612442718,S2-762802131,S2-917534678,S2-916526823,S3-591204032,S3-728371574,S3-432985845,S2-138440077,S3-738455014,S3-370319660,S3-138378296,S2-918254749,S3-54503133,S2-739046764,S3-645576082,S2-149911906,S2-77399019,S3-135003074,S2-156221575,S2-410169400,S2-897182213,S2-343903784,S2-522645702,S2-670006909,S3-4694849,S3-722581208,S3-204234339,S2-305776272,S2-568601280,S2-952418900,S3-197666385,S3-837920199,S2-717577607,S3-845111446,S2-217576574,S2-427391014,S2-503749507,S2-599988097,S2-906916676,S2-910278300,S3-10633121,S3-325743539,S3-553678843,S3-886795906,S3-975124175,S2-125487785,S2-308193425,S2-328602359,S2-530985738,S3-24015118
S1-119237040	S2-592656753,S3-320682221,S2-285122310,S2-417387666,S3-295777122,S3-710348306,S2-511242505,S2-520749222,S2-614577371,S2-721170887,S2-72680087,S2-751961394,S3-245949163,S3-260550708,S3-928139380,S3-943158237,S2-235254075,S2-371806019,S2-444217758,S3-358085138,S2-459531432,S2-992065236,S3-875481423,S2-87430125,S2-275833923,S3-283394784,S2-232453799,S2-485603163,S2-568877660,S2-586497049,S2-626105152,S2-966078853,S3-162122403,S3-192159108,S3-250114549,S3-437654601,S3-607043780,S3-65396698,S3-720048982,S3-790974498,S3-834286254,S3-863485774,S3-933571611,S2-179794215,S2-207602502,S2-413329163,S2-418329648,S2-527739125,S2-574921691,S2-754967926,S2-790319631,S2-874354355,S2-883854831,S2-935833232,S2-948260101,S3-201981793,S3-206641728,S3-228672708,S3-239769003,S3-321664738,S3-326658667,S3-333418195,S3-339558541,S3-417366918,S3-446868751,S3-472482767,S3-625859058,S3-68846122,S3-854664446,S3-910411345,S3-927342586,S3-3923964,S3-486351089,S2-451734059,S2-462273923,S3-140356296,S3-337839735,S3-44817000,S3-641681652,S3-688403572,S3-737988949,S3-835795927,S2-124998992,S2-274485782,S2-282052266,S2-534379507,S2-78037848,S3-579645192,S2-309552393,S3-295734175,S3-995165230,S3-302329148,S2-205940025,S2-591949359,S2-958848587,S3-371091940,S3-729864250,S3-765515991,S3-854383504,S2-150273588,S2-17699030,S2-247128574,S2-27180292,S2-289652323,S2-325178276,S2-416113240,S2-437474030,S2-462011691,S2-468341777,S2-537980397,S2-563133660,S2-573276885,S2-722494142,S2-730916554,S2-737099703,S2-916703712,S2-918222567,S2-920867429,S2-949913611,S3-361374081,S3-374502898,S3-381432503,S3-407586844,S3-600171965,S3-669480712,S3-713061431,S3-713379574,S3-725730307,S3-751795772,S3-785619799,S3-858985415,S2-116397957,S2-531926861,S2-613242449,S2-671668127,S2-7660454,S3-159575925,S3-259491470,S3-275668098,S3-4045199,S3-425882307,S3-578812548,S3-691272943,S3-74759351,S3-764147901,S3-823555800,S3-845113596,S3-873403583,S3-884314997,S3-973504919,S2-78822711,S2-915273310,S3-377105374,S3-584420922,S2-441148420,S3-52430557,S3-311340291,S2-778431691,S2-780493456,S3-37007819,S3-414768952,S3-449478189,S3-739781366,S3-991576974,S2-215074585,S2-237476205,S2-292660441,S2-392311680,S2-408221416,S2-454506011,S2-477484605,S2-570309229,S2-598069607,S2-618083396,S2-639150153,S2-681672877,S2-695749789,S2-800573138,S3-112049052,S3-145917483,S3-195259140,S3-247165850,S3-352316925,S3-509495581,S3-517949678,S3-538961740,S3-572850838,S3-586313965,S3-707831817,S3-732512385,S3-739905710,S3-771128946,S3-847033285,S3-966118952,S2-439726078,S2-976435175,S3-144459421,S3-20354536,S3-32922435,S2-547719249,S3-143737183,S3-356541744,S2-997025607,S3-138306289,S3-218076510,S3-495722550,S2-534109601,S2-946930323,S2-618779211,S2-627810240,S3-80480378,S2-213768621,S2-969886308,S3-170725045,S2-536814465,S2-837212147,S2-372201255,S2-731630866,S2-652921326,S2-522647139,S2-63649468,S2-885021309,S2-934902705,S3-162309460,S3-222553876,S3-383323753,S3-646394546,S3-868508523,S2-104730071,S2-178099275,S2-179551033,S2-228549572,S2-235109708,S2-295879567,S2-307437066,S2-317723324,S2-319464666,S2-322923202,S2-330192942,S2-334655078,S2-378634229,S2-391767996,S2-437850700,S2-447595543,S2-462547006,S2-466525767,S2-471692781,S2-511045955,S2-512132317,S2-520678397,S2-526249444,S2-566945784,S2-648578509,S3-665823605,S2-401218393,S2-429636041,S2-576906180,S2-933745983,S3-468308710,S3-270316677,S3-274650579,S3-338962251,S3-378198029,S3-445587604,S3-552965405,S3-579188534,S3-611052520,S2-26774382,S3-315436973,S2-682304335,S3-603183961,S3-843706069,S3-824024348,S2-911438683,S2-952654567,S2-128743462,S2-205427026,S2-212807991,S2-262385170,S2-304249701,S2-460305361,S2-527081005,S2-700896406,S2-709919820,S2-740769570,S2-746915695,S2-921838437,S2-996051581,S3-13004170,S3-133345359,S3-18981893,S3-196246441,S3-199123281,S3-324108572,S3-338813655,S3-394048576,S3-408059190,S3-427273400,S3-441295462,S3-472760701,S3-56527617,S2-551679612,S2-918091343,S3-506308788,S2-314320143
S1-527267146	S2-226855282,S2-37444052,S2-6750111,S3-461150743,S2-912783094,S3-224774484,S3-542977185,S2-310570289,S2-448894293,S3-50211465,S2-626888446,S3-562981831,S3-762074117,S3-730067751,S3-914417424,S3-999457646,S2-997025607,S3-391408434,S3-19244522,S3-339346651,S2-312978295,S2-748376429,S3-372354034,S3-80480378,S3-442657657,S2-424712887,S2-160803220,S2-416892100,S2-868175239,S3-370298476,S3-483691259,S3-829622445,S2-518140915,S2-217806672,S3-440914385,S2-352139480,S3-381763710,S3-87344475,S2-497904115,S2-457309441,S3-482899623,S3-669654651,S3-802382434,S2-645101454,S2-885854918,S3-323947071,S2-12807248,S2-547719249,S2-56532160,S3-356541744,S2-220538032,S2-809596107,S2-924193373,S3-157704579,S3-746150067,S3-872512293,S2-632994925,S3-492761322,S2-888093339,S3-776313103,S2-778799327,S2-601112461,S2-741526191,S2-687374926,S3-759517470,S3-954624533,S2-380665536,S2-993144211,S2-641576117,S2-641185635,S2-422369724,S2-562068913,S2-767123433,S3-291450161,S3-344178330,S3-485477578,S2-943474455,S2-165951706,S2-621209867,S3-351270242,S3-496700434,S2-294588390,S2-352080196,S2-35868794,S2-438174841,S2-486864422,S2-584714557,S2-663483774,S2-763709190,S2-869717044,S3-203476514,S3-735546547,S3-836528333,S3-903383312,S2-272340873,S2-468047715,S3-182648555,S3-829954673,S3-931522509,S2-11044715,S3-140136228,S3-192030795,S3-960017618,S2-575279888,S3-755407884,S3-71626844,S3-996986983,S2-495135341,S3-116487178,S3-2006741,S2-268323244,S2-525745609,S2-913223453,S3-855764963,S3-293842966,S2-592656753,S2-618779211,S2-127961662,S3-633049939,S2-459654503,S3-339762977,S3-906179638,S3-149645347,S2-486936539,S2-550495193,S3-233424126,S3-251620800,S3-76881349,S2-558313297,S2-666101301,S2-743184244,S2-300221025,S2-334079073,S2-437498969,S2-639150153,S2-64347625,S2-662130673,S2-732816341,S2-895930405,S2-906426967,S2-987007802,S3-195259140,S3-199745060,S3-463444811,S3-966118952,S2-553579176,S2-683037264,S2-735907966,S2-756008951,S2-804007321,S3-32922435,S2-662414717,S3-177804936,S3-190527964,S3-939768206,S2-193506018,S3-247634382,S3-321155356,S3-513958840,S2-311763309,S2-409356879,S2-468968579,S2-540043757,S2-894760256,S2-928772541,S3-299714770,S3-710243994,S3-84675516,S3-871652478,S3-822512692,S2-258895109,S2-448437692,S2-749650829,S2-99592127,S3-65751042,S3-820875181,S2-363773225,S2-372201255,S2-680665127,S2-862386792,S3-454599474,S3-482821668,S3-528277099,S3-179358295,S3-285406314,S2-661967017,S3-16224260,S3-696111559,S3-871052211,S2-694220709,S3-666264557,S3-585055761,S3-663662986,S3-259059495,S3-514911225,S3-618963927,S3-785860680,S2-266971557,S2-103137648,S2-854332086,S2-985143049,S2-510816320,S2-699801176,S2-981154776,S3-178089030,S3-198792521,S3-459798646,S3-524413342,S3-578892320,S2-23951315,S2-453245168,S3-571411774,S2-148364808,S2-178499618,S2-217763603,S2-280540791,S2-315231586,S2-318165015,S2-369303408,S2-549915437,S2-553779601,S2-575262322,S2-657505967,S2-69234187,S2-718277998,S2-74718414,S2-833190319,S2-835722214,S2-838920652,S2-904153180,S2-931084264,S2-941597753,S2-963516703,S3-123789519,S3-13177196,S3-142215782,S3-186735198,S3-291518954,S3-393050460,S3-525359767,S3-589613044,S3-822004623,S3-913081161,S3-994423638,S2-102268919,S2-108022780,S2-480500361,S2-725423122,S3-408048183,S2-411220134,S2-721861105,S2-702867662,S3-485821444,S2-152261576,S3-295777122,S3-46454403,S3-917208024,S2-347274927,S2-593667260,S2-644704581,S3-204646931,S3-675978602,S3-771579596,S2-3225782,S2-470610185,S2-497342428,S2-518289003,S2-67163640,S2-919729957,S3-142583191,S3-27479029,S3-289538942,S3-370983344,S3-503824425,S3-70375401,S3-706337209,S3-74889060,S3-898923142,S3-438392959,S2-100234598,S3-667115482,S3-928044871,S2-505382049,S3-331919832,S3-149870696,S3-43762882,S2-926268038,S3-370319660,S3-275021612,S2-785755699,S2-317615863,S2-574264589,S3-976960968,S2-10629856,S2-278126750,S2-425729477,S3-138997026,S3-152020460,S2-637719036,S3-590199253,S3-777746955,S2-325178276,S3-755242382,S2-611414797,S2-512746329,S3-538675970,S2-615461376,S2-745684316,S2-804420379,S2-913175300,S3-400934528,S3-532378898,S3-831013144,S3-260269609
S1-639149249	S2-740863497,S3-401916459,S2-14617715,S3-275367921,S3-889831177,S2-233684830,S2-643603067,S2-234314455,S2-419130269,S2-192553558,S2-818693099,S3-674002008,S2-629448039,S3-28346972,S3-573645632,S2-218210699,S3-515851992,S2-957589571,S3-414784111,S3-970763729,S3-976063890,S3-655842038,S3-182737580,S2-160590126,S2-303072506,S2-661497856,S2-876120529,S3-753829908,S2-5687689,S2-695196331,S2-397437431,S3-153861493,S2-506565303,S3-687730176,S2-254925318,S3-468308710,S2-205024965,S2-433193089,S2-640662725,S2-781724062,S2-865593092,S3-167412005,S3-590413574,S2-520944976,S2-558454684,S3-136640107,S3-256708526,S3-752072397,S3-245665805,S3-356823378,S2-524774071,S3-467263941,S3-76926066,S3-650008669,S2-294472803,S3-335297164,S3-54504865,S2-314320143,S2-357026954,S2-404948075,S2-550677111,S2-610341455,S2-927566365,S2-930524768,S3-175370387,S3-347847939,S3-629362952,S3-841245869,S3-846646286,S3-85291248,S3-933913254,S2-196465463,S2-640981478,S2-700490838,S2-920722115,S3-304438470,S3-489500391,S3-707244197,S3-294618628,S2-687777283,S3-511717383,S3-549099179,S3-318002039,S3-705132017,S3-78133020,S2-828401600,S2-168400221,S2-225664964,S2-458000991,S2-594207641,S3-792305437,S2-164214993,S2-210454959,S2-692260666,S3-405672891,S3-480846266,S3-926384947,S3-83450568,S2-918955409,S3-191863242,S2-182700749,S2-483995482,S2-729761318,S3-140356296,S3-590880924,S3-623505916,S3-824025264,S3-262577349,S3-59243695,S3-208702083,S3-74219958,S2-5661633,S2-790655634,S2-146875000,S2-250427897,S2-396337385,S2-438850777,S2-440277875,S2-518586129,S2-535849110,S2-620079366,S2-669902473,S2-736389695,S2-751614889,S2-856002803,S2-873882398,S2-89638992,S2-94135284,S3-251652039,S3-349500260,S3-365864468,S3-439237243,S3-528851375,S3-660938296,S3-667873357,S3-726700473,S3-748702808,S3-819092948,S3-878731491,S3-899917448,S3-979736092,S2-479240126,S2-486833756,S2-208655260,S2-300220843,S2-484661669,S2-668319710,S2-86654513,S2-927043396,S2-265258935,S2-472482615,S3-10058625,S3-100948415,S3-112355365,S2-15610898,S2-946144898,S2-9946485,S2-144461866,S2-290435688,S2-295305241,S2-529849724,S2-648535637,S2-71787901,S2-724149016,S2-959241152,S3-119257957,S3-246294950,S3-413595633,S3-797987069,S3-819371206,S3-903463819,S2-41938045,S3-112846300,S3-314972728,S3-5226935,S3-821759260,S3-926169556,S2-619648343,S2-813192248,S3-456356272,S3-82269443,S2-610210987,S2-679486628,S3-39236751,S3-447831696,S3-68467013,S3-119132535,S3-174654802,S3-183243351,S3-217112108,S3-54812403,S2-655128843,S2-103137648,S2-374268876,S3-233533059,S2-259970346,S2-471918755,S2-854332086,S2-925329155,S3-899401351,S3-805146874,S2-100651624,S2-186812401,S2-216565361,S2-277129261,S2-413324069,S2-434768459,S2-458477768,S2-494150011,S2-524428504,S2-451735115,S3-692033952,S2-14370076,S2-828467381,S2-301165537,S2-743150895,S2-450391061,S2-923007168,S2-947274751,S3-690911429,S2-233054885,S2-662740243,S2-521798842,S2-860815570,S3-239769003,S3-461150743,S3-520946251,S2-75004579,S3-965863492,S3-220409153,S3-65285961,S2-592116734,S3-597800366,S3-210663709,S2-146413778,S2-260709587,S2-264428602,S2-30241818,S2-410234199,S2-456464362,S2-517639589,S2-540155056,S2-587194391,S2-600801997,S2-602703475,S2-646265439,S2-747336042,S2-753657306,S2-777069266,S2-787008317,S2-90334393,S3-110959008,S3-171457347,S3-182337711,S3-201019591,S3-227527308,S3-256105601,S3-289986154,S3-29812071,S3-31550670,S3-405797489,S3-477759692,S3-512120899,S3-603656966,S3-607556405,S3-635100416,S3-740471913,S3-745253479,S3-79769825,S3-854365899,S3-911261279,S3-928363452,S3-946349892,S3-947856020,S3-956047758,S2-123566435,S2-137647219,S2-216412989,S2-230497471,S2-243505478,S2-3327455,S2-367662228,S2-459902289,S2-506354310,S2-533031812,S2-670245102,S2-70966265,S2-773681606,S2-79632662,S2-803457314,S2-932645614,S2-938041462,S2-939258193,S2-944655321,S2-963803736,S3-123371678,S3-149756322,S3-35623485,S3-374586248,S3-440858640,S3-603249158,S3-609631387,S3-647755998,S3-789618178,S3-799217053,S3-800951090,S3-899460935,S3-905435362,S3-92890536,S3-972406740,S2-204710271,S2-230030998,S2-507587177,S2-633794554,S2-654465335,S2-791668620,S2-87266340,S2-890544495,S3-127761565,S3-142879225,S3-143882764,S3-168870234,S3-176311146,S3-395632564,S3-480750665,S3-717285213,S3-779326376,S3-958894449,S3-153487517,S3-250937784,S3-197658915,S3-380328258,S3-401029771,S3-638238849,S3-66761626,S3-9178284,S2-965803664,S3-251620800,S3-868212906,S3-924366532,S3-938935106,S2-134311630,S3-627633134,S2-325749553,S2-805514576,S3-133719504,S3-958567104,S3-305170501,S3-381655150,S3-492939990,S3-520139360,S3-660607987,S3-714728768,S3-779066180,S3-784096735,S3-871886117,S3-949664873,S3-999632938,S3-179311964,S3-179358295,S3-186043324,S3-202389795,S3-255829278,S3-337679690,S3-372737850,S3-381763710,S3-758962118,S3-859699221,S3-407780476,S2-140520269,S2-751091041,S3-560850479,S2-196146389,S2-627402241,S2-889011185,S3-376462827,S2-950643104,S3-206641728,S3-903267930,S2-153735839,S2-585937917,S3-891445387,S3-54693067,S2-143893689,S3-125469918,S3-26962745,S2-304085183,S3-66652302,S3-715855127,S3-137878495,S3-165656193,S2-138815229,S3-702815783
S1-917692146	S2-383906581,S2-39261731,S3-535391334,S3-686681118,S3-850412921,S3-909640622,S2-552729095,S3-323155022,S2-809818938,S2-844137156,S2-647894451,S3-198011741,S2-712521167,S2-946021714,S3-981598459,S2-618245340,S3-841946001,S3-894786584,S2-899625384,S3-412279540,S2-328602359,S2-409564092,S2-826615003,S3-278168235,S2-607567697,S3-795235250,S3-463238966,S3-12349678,S3-249610172,S3-697255890,S3-188073253,S3-428252072,S3-829171472,S2-280613192,S2-10250765,S3-552323523,S3-911445869,S2-50283313,S3-843088497,S2-348736837,S3-19559021,S3-233835760,S3-321406619,S2-767777259,S2-660670669,S2-15969748,S2-793689960,S3-1300536,S3-609312327,S3-836865426,S2-439386165,S2-462697372,S3-862842387,S3-904483813,S3-767297125,S3-685842187,S3-171489731,S3-430661456,S3-901801350,S3-240221727,S2-814203711,S3-643889369,S2-774739262,S3-417319290,S3-985209981,S3-899611935,S2-543989592,S2-683438089,S3-417624475,S3-143060867,S3-248894793,S2-740140243,S3-948056553,S3-59789104,S3-727435223,S2-312232867,S2-220160781,S3-868659973,S2-413780445,S3-21888433,S2-33544675,S2-192460486,S2-351581395,S3-464038651,S3-706998448,S2-243605664,S2-638317101,S2-693582377,S3-578176316,S2-689039797,S2-423226539,S2-339649722,S3-235832066,S2-141056915,S3-235914672,S2-573435555,S2-88536557,S3-610745202,S3-868860902,S3-206669998,S3-786417207,S2-681436980,S2-49055740,S3-626811260,S3-81528129,S3-897431955,S3-93249517,S3-59722142,S3-663408535,S2-335362450,S3-491721840,S2-239148496,S2-429244609,S2-124869331,S3-756504913,S3-653115422,S2-713634271,S2-906650194,S2-433591341,S2-18905581,S3-878576641,S2-597991028,S2-743987439,S3-321625860,S2-128643762,S3-135658036,S2-1992431,S2-265989155,S2-81376225,S3-334772827,S3-406881658,S3-526009527,S3-608235214,S3-968017998,S3-393477112,S2-127207672,S2-229120335,S2-280144421,S2-577610031,S2-150774117,S2-477602921,S2-675036605,S3-252746542,S3-866297576,S3-867433562,S2-239522003,S2-263452745,S2-276368869,S2-627317516,S2-672979865,S2-952804953,S2-985922221,S3-210598534,S3-346644079,S3-528863322,S3-537878645,S3-590881630,S3-873855697,S2-125880260,S2-541866743,S2-720823116,S2-908514557,S2-956054812,S3-460749058,S3-472110074,S3-525765590,S3-590321661,S3-740988485,S2-431222432,S2-500330203,S2-743077869,S2-818800912,S2-87998173,S2-896380203,S2-897243823,S3-109549043,S3-250383882,S3-31550670,S3-458368684,S3-585801452,S3-755247612,S3-797147420,S2-110130617,S2-251244683,S2-496666761,S2-521230873,S2-601907806,S2-720730527,S2-740060860,S3-672216457,S3-516608947,S3-745870948,S2-644906337,S3-891183178,S2-532483662,S2-581762625,S2-167082234,S3-806112159,S2-26468837,S2-326292908,S2-554371439,S3-349681859,S2-120410059,S2-461914790,S2-587194391,S3-290140987,S3-733966322,S2-903814468,S2-971005923,S3-107139502,S3-352571479,S3-654362067,S3-719613648,S2-399282975,S2-637136868,S2-750372595,S2-192075097,S3-362447713,S3-364694277,S3-982675173,S2-174904142,S2-404508333,S3-522106766,S2-162605669,S2-646113690,S2-858385093,S3-243448736,S3-514347533,S3-700595374,S2-25260882,S2-578396864,S2-612656601,S2-721013475,S2-810573110,S2-866031345,S3-335540203,S2-41068704,S2-456888330,S2-599515158,S2-806853318,S2-843189251,S3-278398237,S3-314257394,S3-644590063,S3-312471942,S2-100613988,S2-317509604,S2-373370127,S2-435351294,S2-566095410,S2-599988097,S2-910994840,S3-264358708,S3-738455014,S2-321958311,S2-113261380,S2-166697115,S2-425584320,S2-46566886,S2-573982463,S2-717895344,S2-758789222,S2-786206747,S2-798219180,S2-844922825,S2-862989637,S3-1024856,S3-423834744,S3-763932117,S3-806820547,S3-8151938,S3-941579940,S2-136871543,S2-747336042,S2-757116344,S2-811384991,S2-888832669,S2-924504033,S2-947577098,S2-998967482,S3-118228303,S2-264428602,S2-412393761,S2-497273708,S2-540814003,S2-82357945,S2-828419727,S2-900791456,S2-90429311,S3-831769194,S2-315478471,S2-142807994,S2-492689876,S2-691394499,S2-84608055,S2-851099282,S2-997795898,S2-106190978,S2-113779974,S2-134525207,S2-30467269,S2-459031632,S2-501067553,S2-523171021,S2-734796332,S2-745523880,S2-832997586,S3-25648868,S3-477268267,S3-892695307,S2-184042840,S2-52449236,S2-660332651,S2-695585905,S2-717022663,S2-858119234,S3-155541818,S2-115216935,S2-424266064,S2-92284026,S3-3751633,S3-455200882,S3-751407004,S3-978180892,S2-412690971,S2-773930921,S2-982713811,S3-346866175,S2-396250887,S3-233564984,S3-262539876,S3-531388847,S3-832867171,S2-70965155,S2-365835302,S2-211214776,S2-134544731,S2-825604229,S2-80865627,S2-734913016,S2-834297735,S2-118553107,S3-757317975,S2-780423182,S3-785539018,S3-819035867,S2-797684606,S3-685541441,S3-76809100,S3-947289531,S2-797474261,S3-339529582,S3-357591828,S2-231794219,S3-16391948,S3-431598311,S3-607441411,S3-853922915,S2-260093254,S3-913919657,S3-748491651,S3-625376488,S2-854903098,S2-797180263,S3-624669579,S3-811422505,S3-223552597,S3-432123248,S2-555364989,S3-795724747,S2-674845728,S2-611628830,S3-546934581,S2-389709218,S2-951178231,S2-416611311,S2-832496688,S2-350997055,S3-213709038,S3-679935192,S2-209772837,S2-396247454,S2-411553353,S2-907495338,S2-917876417,S3-125582899,S3-239183339,S3-62830167,S3-817668727,S3-818659051,S3-871388730,S3-988194760,S3-809797514,S2-3444393,S2-185618363,S2-208655260,S2-325492568,S2-684213392,S2-693988579,S2-782844861,S2-911812279,S3-122061754,S3-742932899,S3-903383312,S2-163163842,S2-383769366,S2-758070049,S2-81046560,S2-902452668,S2-952812921,S2-973005400,S3-197528508,S3-254122795,S3-264102802,S3-422868610,S3-454624415,S3-486839870,S3-628558982,S3-671710861,S3-696395111,S3-989313151,S2-121183420,S2-164800939,S2-883563368,S3-15032179,S3-817258359,S2-503310193
S1-327522896	S3-95982475,S3-783671587,S3-622841536,S3-143114803,S2-796483039,S3-768244673,S2-19032207,S3-984195123,S2-132066637,S3-996005917,S2-234042428,S2-945621609,S2-959461320,S3-458219568,S2-600496218,S3-204314285,S2-188797794,S2-499736229,S3-737586488,S2-243017848,S3-100473025,S2-300221025,S2-150776980,S2-715111263,S3-145432750,S2-259275566,S2-281816233,S2-363375255,S2-446302141,S2-99747450,S2-999735482,S3-638076581,S3-979187072,S2-10722227,S2-404028040,S2-502168192,S2-897275727,S3-136640107,S2-233664241,S2-486993688,S3-115529049,S3-151943372,S2-832405711,S3-463015357,S2-495797891,S2-606195071,S2-77958016,S3-351220358,S3-394048576,S3-540678324,S2-867936182,S2-20654311,S3-462305292,S2-21863849,S3-441006871,S2-15396386,S2-203309012,S2-22359262,S2-405026874,S2-560850343,S2-574539901,S2-658721746,S2-257134988,S3-845244199,S3-918003847,S2-967951337,S2-186409047,S2-246502035,S2-380233599,S2-55045850,S2-60320382,S2-416113240,S2-453501849,S2-684771946,S2-706114805,S2-769143094,S2-798114994,S3-18123642,S3-197494556,S3-347905685,S3-523977579,S3-550287801,S3-595018787,S3-661949742,S3-84335326,S3-999218492,S2-116397957,S2-2688954,S2-323293006,S2-461752016,S2-947685638,S3-702055414,S3-541426667,S3-783921040,S3-270734257,S3-479877655,S3-228114227,S3-200485362,S2-538670626,S2-337615895,S2-945921848,S3-266359472,S3-147196758,S2-856223932,S2-894903715,S2-910222247,S3-167412005,S3-174654802,S3-221353986,S3-257957769,S3-422335579,S3-48824405,S3-708160292,S3-789935496,S3-862871679,S3-8655244,S3-943172013,S2-113403366,S2-116172784,S2-121201203,S2-144094900,S2-150273588,S2-186660909,S2-213470527,S2-218299809,S2-22347775,S2-22357818,S2-230455505,S2-231199476,S2-237511311,S2-28724667,S2-290030459,S2-301496995,S2-302327967,S2-311284616,S2-330460933,S2-354599772,S2-358903297,S2-402592938,S2-404777769,S3-464699625,S2-121183420,S2-21183975,S2-438799562,S2-806971914,S2-479540449,S2-788099972,S2-631427843,S2-941367745,S2-977848478,S3-49990539,S2-376418202,S2-592058593,S2-753100723,S2-757436814,S2-989891682,S3-10420385,S3-267219215,S3-324102267,S3-452515146,S3-547250910,S3-856097466,S2-251635098,S2-96539382,S2-480532556,S2-801233225,S2-886419390,S3-109943797,S3-742932899,S2-14368130,S2-237463885,S2-311413335,S2-382372158,S2-974426316,S2-976169610,S3-173069126,S3-443950816,S3-669951122,S3-8213611,S3-864432105,S2-46084585,S2-498299407,S3-380690411,S3-404077990,S3-684221842,S3-82484425,S3-882861608,S2-174567512,S2-56873216,S2-645101454,S2-931107364,S3-84958680,S2-254981787,S2-352144929,S2-540394054,S2-569833177,S2-898854650,S2-928772541,S3-107300187,S3-384498884,S3-47445625,S3-547731764,S3-855216816,S3-878432048,S2-36465245,S2-824885918,S2-136623658,S2-388479117,S3-513958840,S2-280557943,S2-947713587,S3-680718897,S3-708482019,S2-408453777,S2-859965879,S3-153445492,S3-454599474,S3-692994260,S2-809596107,S3-262118139,S3-897436460,S3-917127433,S2-4251902,S2-431124526,S3-746183899,S2-217806672,S3-156227321,S3-265052198,S2-892090231,S3-416991519,S3-597800366,S3-976960968,S2-450945027,S3-305988869,S3-3935316,S3-340741912,S3-983820249,S3-331825918,S2-103833312,S2-207050910,S2-225143893,S2-290117558,S2-44683586,S2-483898468,S2-490645863,S2-496683289,S2-621485844,S2-623876492,S3-835479401,S2-845859470,S2-517053781,S2-862507893,S2-880117313,S3-956365580,S3-973602038,S3-745382601,S2-278797630,S3-410239858,S2-588053238,S2-959916228,S3-972712546,S2-361784284,S3-246783740,S3-979736092,S2-29350770,S2-869689782,S3-435779479,S2-138611083,S2-305373735,S3-119137751,S3-535426979,S3-443142031,S3-592478373,S3-89624311,S2-399231406,S3-504435800,S3-570636426,S3-542977185,S3-84107494,S2-775318157,S2-16676829,S3-327907838,S2-801162668,S3-808054709,S3-597682817,S2-943887542,S2-866794427,S3-937037024,S2-676612059,S3-994959496
S1-939877245	S2-329590451,S3-289049962,S3-664742626,S3-794162755,S2-262397929,S2-687186573,S2-65290927,S3-738453611,S2-602075710,S2-114915270,S3-673478656,S2-762507989,S2-938673261,S3-61120513,S2-227187628,S3-689076660,S3-833244710,S2-917817362,S3-348910590,S3-352529226,S2-540043757,S2-72327683,S2-952737816,S3-33814286,S3-615392095,S3-959091520,S2-307290505,S2-385008826,S3-8759217,S2-388613237,S2-182416418,S3-555480082,S3-637478807,S2-418635549,S2-680316374,S2-941271658,S2-9946485,S3-328870095,S3-599276426,S3-645462836,S3-826361314,S2-220046590,S2-350713747,S2-389820959,S2-544675895,S2-635733808,S2-681166553,S2-689799773,S2-70935393,S2-720873871,S2-80593988,S2-891264142,S2-92229624,S2-945604652,S2-946779809,S2-976204362,S3-110278172,S3-378821641,S3-40856291,S3-441169241,S3-445801999,S3-489611001,S3-610931021,S3-625423873,S3-769847613,S3-940653252,S2-185778798,S2-2441891,S2-392065962,S2-481631794,S2-544897749,S2-591051235,S2-666158522,S2-787847350,S3-122508176,S3-474573272,S3-479681954,S3-538961740,S3-578040205,S3-805781607,S3-806942648,S3-831990387,S3-849148417,S3-887716093,S3-958619418,S3-98276953,S2-107489545,S2-274485782,S2-368466361,S2-409601434,S2-56611132,S2-569390044,S2-715283507,S2-758339348,S3-341348765,S3-610785114,S3-649127858,S3-873954779,S2-399152678,S3-169395439,S3-829143070,S3-917982230,S3-766055205,S2-296080306,S2-348024631,S2-894309768,S2-899331967,S3-259059495,S3-309307674,S3-316943104,S3-801990589,S2-918084596,S3-311902456,S2-428246908,S3-755407884,S2-115740081,S2-186802250,S2-262385170,S2-273826621,S2-458477768,S2-487377759,S2-761466359,S2-960248747,S2-98554015,S3-123113748,S3-48864969,S3-836344169,S3-888412564,S3-927331913,S2-173762661,S2-187412037,S2-274883980,S2-366351373,S2-456983416,S2-490846228,S2-495278352,S2-50064366,S2-627393700,S2-63186534,S2-639475019,S2-684150443,S2-702882047,S2-730842905,S2-756132353,S2-802824802,S2-822350009,S2-829121534,S2-894903715,S2-90405530,S2-935782164,S2-941570668,S2-956087771,S2-975913789,S3-105264588,S3-129616435,S3-164918466,S3-178103740,S3-233533059,S3-260267991,S3-268792491,S3-284808813,S3-315876202,S3-333481836,S3-333997513,S3-351270242,S3-473955600,S3-502181841,S3-599418375,S3-639292964,S3-656627369,S3-664222765,S3-842286553,S3-876497061,S2-832390483,S2-873466055,S2-416113240,S2-847304982,S2-120605616,S2-147979080,S2-159445490,S2-171744868,S2-174148064,S2-19373399,S2-237583256,S2-242219683,S2-301409083,S2-307864127,S2-308410881,S2-596646848,S3-448395392,S2-274628306,S2-463416840,S2-885291434,S2-925558385,S3-181109735,S3-193869789,S3-217436798,S3-356436965,S3-431281265,S3-478062605,S3-543031855,S3-55911335,S3-645464437,S3-967922009,S2-287837525,S2-295109940,S2-325023754,S2-33517373,S2-357351765,S2-396320077,S2-856067076,S3-125008342,S3-168263775,S3-326503878,S3-363884196,S3-454059534,S3-472227091,S3-502601574,S3-540175099,S3-564646268,S3-587223370,S3-594067051,S3-597898015,S3-743059414,S3-759749654,S3-924704718,S3-956096775,S2-212935219,S2-398141771,S2-932432994,S3-181584679,S3-308257810,S3-441402557,S3-472110074,S3-513815678,S3-597634427,S3-766976130,S3-778896762,S3-793314094,S3-930774061,S2-531584817
S1-374045779	S3-471259494,S2-598073593,S3-729938714,S2-791458964,S3-448530605,S2-218562028,S2-688498302,S2-692717775,S2-908862319,S3-192910909,S3-402426457,S3-78596047,S3-851988398,S2-518265708,S2-535108253,S2-821565455,S2-901152176,S2-433138054,S2-156247831,S2-245705443,S2-535209471,S3-370952842,S2-235231382,S2-237939467,S2-386871497,S3-186458516,S3-664222765,S3-581415988,S3-132343126,S2-892720015,S3-897732149,S2-477163699,S3-569510035,S2-813301443,S3-796946339,S2-251254102,S2-349076622,S2-988973388,S2-192052570,S3-125572762,S3-22027277,S3-315810762,S3-607555044,S3-607658458,S3-693656857,S2-28268884,S2-390537138,S2-439206901,S2-764952356,S3-199234471,S3-739598918,S3-958083851,S2-241217106,S3-112355365,S3-129507456,S3-564777965,S2-417874841,S2-912549584,S3-889688127,S3-979775570,S3-821835607,S2-495089561,S2-566952691,S2-702831721,S2-845858894,S2-99540831,S3-248265215,S3-435954210,S3-632899088,S3-751064516,S3-839925970,S3-555574067,S3-173239982,S3-371814797,S3-630789825,S3-786103438,S3-277332198,S3-834086950,S2-318532554,S3-123951625,S3-10850817,S2-212356260,S2-854067789,S3-96036114,S2-192245703,S2-106729812,S2-168717514,S2-224167901,S2-452331776,S2-576437843,S2-586719281,S2-651204060,S2-709021141,S2-719352074,S2-75770034,S2-91148602,S2-939327819,S2-973528207,S3-170354269,S3-274650579,S3-303443582,S3-691172951,S3-744343615,S3-773489363,S3-849907660,S3-81050429,S2-107701156,S2-315355002,S2-579519952,S2-601225021,S2-787260576,S2-81782470,S2-9011019,S2-938848866,S3-267005092,S3-623667913,S3-866564456,S2-408841240,S2-599405908,S3-505716345,S3-427273400,S2-640678094,S3-578040205,S3-818450273,S3-314352522,S2-618779211,S3-808143010,S3-449708202,S2-199350989,S2-251926223,S2-313550990,S2-322569604,S2-40224497,S2-635803796,S2-679002581,S2-864678417,S2-987677261,S3-108942604,S3-184927864,S3-426881300,S3-592977393,S3-624637701,S3-66252508,S2-199347717,S2-766885663,S3-219609282,S3-796544017,S2-237870293,S3-252212308,S3-899569042,S3-883378770,S2-176554940,S2-591831424,S2-843273395,S3-808318197,S2-129140727,S2-149472537,S2-236881550,S2-239471581,S2-308364245,S2-322361553,S2-337934443,S2-405484932,S2-472017486,S2-773465227,S2-782900715,S2-827650795,S2-913913219,S2-938938602,S3-386235452,S3-466229988,S3-376111145,S3-544584918,S3-769810310,S3-818629122,S2-355056209,S2-420507709,S2-442125626,S3-863485774,S2-524652330,S2-615190794,S3-63995855,S2-113830758,S2-487472623,S3-961606650,S3-552814087,S3-562399946,S3-649127858,S3-683768101,S3-720717181,S3-74645032,S3-91866267,S3-943948851,S2-366557109,S2-868556425,S2-874478672,S3-249651739,S3-276135225,S3-27686397,S3-319417260,S3-340993053,S3-541426667,S3-650619634,S3-730118364,S3-982554497,S2-724647126,S3-265939755,S3-396126891,S3-706206085,S3-976250721,S2-266790028,S3-286229097,S3-321190135,S2-20900212,S2-416823553,S3-738221500,S2-601112461,S2-685213879,S3-565511987,S3-343585759,S2-355912816,S3-803704780,S3-482632983,S2-972492056,S3-82977080,S3-314161686,S2-190456023,S2-162447389,S2-829503091,S2-117420738,S2-219829384,S2-456732573,S2-602574396,S3-183498091,S3-724476907,S3-813361996,S2-790584057,S2-934902705,S3-166111377,S2-296614323,S2-699954902,S3-8104210
S1-592388086	S2-588223392,S3-225797493,S3-456768137,S2-553879012,S3-752870631,S2-343926000,S2-67701000,S3-737381447,S3-984741718,S3-414052859,S3-942618036,S3-284997191,S2-377129320,S3-449571371,S2-502139470,S2-412854674,S3-633107692,S2-381902409,S2-373921276,S2-183582879,S2-29425663,S2-429636041,S2-567693758,S2-802352320,S3-662718006,S2-135120201,S2-583074833,S2-777187183,S3-115568581,S3-97071708,S2-761323706,S3-15228782,S3-321190135,S3-362095470,S3-468457413,S2-697760432,S2-428246908,S2-467048263,S2-254928256,S2-622714731,S3-736396884,S3-980097046,S3-962148935,S2-128830202,S3-548505097,S3-777779626,S3-8067658,S3-827875712,S2-65259256,S2-465591365,S2-738086189,S2-944918525,S2-983709883,S3-181859196,S3-243661844,S3-830298606,S3-960042558,S2-982448762,S2-503639438,S2-517066988,S3-564257839,S3-342761292,S2-750689889,S2-904973031,S3-473020008,S3-806056385,S2-11121164,S2-182543236,S2-313313183,S2-350423004,S2-491510508,S2-689021897,S2-740630278,S3-197253722,S3-269817583,S3-290090148,S3-324108572,S3-33432801,S3-35037742,S3-434339397,S3-461473568,S3-658301626,S3-735107556,S2-261933559,S2-351120694,S3-927777688,S3-941630431,S2-903888974,S2-134873386,S2-137396278,S2-266493564,S2-267054668,S2-351581395,S2-418815151,S2-536633923,S2-550677111,S2-613743762,S2-619374606,S2-644845132,S2-658721746,S2-667908047,S2-699873305,S2-760180251,S2-761339236,S2-969551407,S3-263513307,S3-272892129,S3-277005861,S3-365857732,S3-40030960,S3-414377305,S3-465945434,S3-479077375,S3-595929226,S3-642838958,S3-689491088,S2-359171505,S2-458433257,S3-1047063,S3-269553653,S2-26239178,S2-272699038,S2-276135498,S2-390580093,S2-862247478,S3-874662868,S3-282226517,S3-646433901,S3-126532045,S2-864094679,S3-511198129,S2-641576117,S3-336392678,S3-170398243,S3-81034869,S2-926862897,S2-353314819
S1-629947932	S3-948230082,S3-101164343,S3-701926276,S2-766075875,S2-897867057,S2-384733286,S2-397446746,S2-512290448,S2-717929869,S2-944202778,S3-2004674,S3-313661406,S3-390953547,S3-856462926,S2-215928486,S2-386065830,S2-419746677,S2-805514576,S3-25857029,S3-404877023,S3-827116634,S3-877419253,S3-892844911,S2-610948658,S3-328735310,S3-59243695,S3-822654997,S3-758201458,S3-707831161,S3-709849984,S3-878926239,S3-104011508,S2-407471226,S2-422369724,S2-537266745,S3-614271091,S2-834919141,S3-11647642,S3-193839830,S3-555812025,S3-573891477,S3-792278637,S3-931405394,S2-501431427,S3-726618345,S3-988416608,S2-409358463,S3-147668966,S2-359286463,S3-764852161,S2-190599957,S3-119971161,S3-273164624,S2-123516400,S2-32440571,S2-360069130,S2-481543294,S2-549467997,S2-81471774,S2-895383798,S3-15629439,S3-218666034,S3-529716530,S3-620787883,S3-748214682,S3-889831177,S3-896002971,S2-223300990,S2-230244814,S2-249713098,S2-574921691,S2-321298655,S2-68481003,S2-413324069,S3-721402234,S3-737246000,S3-203439499,S3-38246063,S3-534881331,S3-866937886,S2-473438666,S2-788131749,S2-112088101,S2-312389419,S2-71420002,S2-988734641,S2-18578461,S2-247759089,S2-365997571,S2-386871497,S2-512449580,S2-674382013,S3-541889012,S2-449340384,S2-558063564,S2-588858080,S2-655602511,S2-89776567,S3-492355894,S3-782577600,S2-148140096,S2-179551033,S2-263957543,S2-294367444,S2-377914679,S2-447773653,S2-547632286,S2-599113609,S2-600384233,S2-626189447,S2-654817554,S2-665677860,S2-770325334,S2-799742303,S2-807458479,S2-837687948,S2-850673916,S2-961617774,S2-98307158,S3-257982792,S3-310206061,S3-35597441,S3-367253452,S3-368584563,S3-377483962,S3-460516577,S3-46280871,S3-537659875,S3-568439076,S3-570140216,S3-575171256,S3-607300681,S3-675805120,S3-677098547,S3-758023334,S3-784139938,S3-8000685,S3-901620271,S3-937584280,S3-938959222,S3-953169672,S3-955523463,S3-96104368,S3-984142444,S2-173156747,S2-209031948,S2-2191678,S2-239364951,S2-263277119,S2-277256085,S2-565629693,S2-586861071,S2-587632602,S2-645687571,S2-664126911,S2-680258876,S2-837346658,S2-867936182,S3-101227356,S3-126565710,S3-207508961,S3-219307300,S3-311256622,S3-319700626,S3-454721793,S3-535567255,S3-573253421,S3-619468049,S3-649590444,S3-6877001,S3-699793062,S3-780767901,S3-854891471,S3-866786462,S3-962155170,S3-964699567,S3-975013434,S3-978271220,S3-996665904,S2-280655108,S2-433613607,S2-620874008,S2-641185635,S2-976435175,S3-131027800,S3-442657657,S3-446287530,S3-567293712,S3-781646198,S3-191210879,S3-358453281,S3-602558449,S2-217323032,S3-218217372,S2-221763137,S2-305069488,S2-395382908,S2-600297143,S2-648121538,S2-655770964,S2-737523173,S2-799925516,S2-877859774,S2-971240649,S2-982242129,S3-27260313,S3-742566,S3-835461523,S3-855559523,S3-897436460,S3-997244495,S2-862467694,S3-451417563,S2-576368719,S3-306842644,S3-752870631,S2-969464207,S3-107078165,S3-222658349,S3-24454243,S3-259381642,S3-550224749,S3-67297857,S3-989211344,S2-787422667,S2-14959142,S3-917265762,S2-744687095,S2-924466049,S2-96777312,S3-162122403,S3-535188521,S3-574736307,S2-63825672,S2-946895256,S2-97624058
S1-341435901	S2-877295556,S3-701603441,S2-504159896,S2-553478682,S3-329410357,S2-40692627,S3-810626450,S3-334228003,S2-63348941,S2-763273157,S2-553182661,S3-564647664,S2-248782905,S3-277500699,S3-454059534,S3-790362819,S2-697986629,S3-360287208,S3-647755998,S3-998140454,S3-229462742,S3-197658915,S3-145051959,S3-446479319,S3-555655470,S2-953639271,S3-84111783,S3-1203494,S3-960897448,S3-94042601,S2-236682147,S3-600545574,S2-897386778,S2-3308086,S2-349443771,S3-372186980,S3-144400748,S3-989543431,S3-290839208,S3-967403720,S2-306530975,S2-345169836,S2-386209603,S3-398883814,S2-747120926,S3-999346285,S3-463520081,S3-57585108,S3-636733640,S3-761523533,S3-893067596,S2-901066333,S2-870905084,S3-953119165,S2-143951321,S2-769322335,S3-852619335,S3-450326738,S3-817746602,S2-904908773,S3-477268267,S3-638400875,S2-568884310,S2-980327647,S3-44299046,S3-474847756,S3-665310645,S3-953852959,S3-19809105,S2-578075138,S3-289287270,S2-463612900,S2-549415783,S3-138071531,S3-627774817,S3-72068711,S2-29596049,S2-91962263,S3-601928949,S2-202424908,S3-194607562,S3-905764301,S2-384181199,S2-150072294,S2-494841174,S2-752056500,S2-365377902,S2-555298645,S2-187000874,S2-64402314,S2-64544622,S2-672645442,S2-963062913,S2-230497471,S2-191950946,S2-753084290,S2-632029141,S2-407343361,S2-496534942,S2-925231581,S2-630064691,S2-200036372,S3-456329062,S2-992618207,S3-112388031,S2-973327148,S3-644224892,S2-457889044,S2-926938169,S3-728035231,S2-218136184,S2-192799102,S2-26399698,S2-681569962,S2-636170220,S2-733902032,S2-258109370,S2-520229938,S2-966165161,S2-224052612,S2-923531207,S3-203401475,S2-930137119,S2-408987221,S2-486937594,S2-511470440,S2-815132271,S2-836191730,S2-917253371,S2-795588391,S2-546530060,S2-674219674,S2-16627259,S2-206259331,S2-256525161,S2-547928925,S2-742063613,S2-837311720,S2-93314397,S2-336190836,S2-769999948,S2-134964776,S2-614118575,S2-996887210,S3-149286337,S3-545716659,S2-431969906,S3-832867171,S3-966542102,S3-722347644,S2-52644959,S2-68022604,S3-127043813,S3-125008342,S2-604494418,S2-773930921,S2-334252415,S2-413404132,S2-48139807,S2-621549956,S2-735864207,S2-747083268,S2-797795694,S2-81943350,S3-149756322,S3-236803466,S3-287788429,S3-29105348,S3-311529171,S3-453513665,S3-488980535,S3-511728558,S3-514272926,S3-790475375,S3-81763906,S3-849504605,S3-988935639,S2-579190066,S3-407281260,S3-222185372,S3-198740741,S2-679387320,S2-722947143,S3-700977314,S2-248331493,S2-939854993,S2-626332414,S2-730831408,S2-333405212,S2-366829442,S2-517384275,S2-519537378,S2-710446626,S2-717820431,S2-813117102,S2-892048942,S2-896259770,S3-108115870,S3-23360255,S3-275181095,S3-354745638,S3-372180827,S3-674054977,S3-693852868,S3-760365218,S3-838771398,S3-86666982,S3-984672068,S2-538237026,S2-363773225,S3-707984368,S3-788766682,S3-215658003,S3-825335572,S2-309362599,S2-101903090,S2-333645693,S2-518141409,S2-766307206,S2-813685489,S2-871461575,S3-44659118,S2-193643144,S2-644197268,S2-810929197,S2-849040229,S2-934406483,S2-939375339,S3-437073409,S3-445587604,S3-473318951,S3-957770615,S3-999886432,S3-622450425,S2-820732384,S3-977818414,S2-867056651,S3-427486358,S3-777746955,S3-472760701,S2-547949503,S3-656807333,S2-709919820,S2-992065236,S2-996051581,S3-458429452,S2-921838437,S3-1224086,S3-973674198,S3-18981893,S2-380112658,S3-203115037,S3-56537280,S3-251956318,S3-432331318,S3-743870615,S3-41190672,S2-463820080,S2-18959623,S2-305326274,S2-369647429,S2-393090162,S2-544380646,S2-779925954,S2-785931810,S2-929827259,S3-216489373,S2-121041364,S2-134514975,S2-144495567,S2-159453772,S2-195525596,S2-200273569,S2-254963747,S2-291516857,S2-49607397,S2-689718692,S2-723758825,S2-767717807,S2-788955150,S2-970604984,S2-986332514,S2-116816968,S2-79372882,S2-100049666,S2-519581409,S2-753251545,S2-76520780,S2-77193342,S2-803680263,S2-80382735,S2-944184219,S3-990255003,S2-936706016,S2-959861478,S2-117606038,S2-497196081,S2-555414160,S2-775691909,S2-826242335,S2-840239719,S2-920427535,S3-914186761,S2-126683591,S2-195371031,S2-26358540,S2-33817347,S2-403139338,S2-545502413,S2-631585661,S2-642385673,S2-7076501,S2-754812050,S2-755260429,S2-770206429,S2-952100733,S2-157248407,S2-401311750,S2-414258579,S2-551257195,S2-848068637,S2-876063060,S2-949704774,S2-656857238,S2-65788520,S2-843099261,S2-129576913,S2-181354644,S2-540662037,S2-611122826,S2-692669422,S2-718324002,S2-95419524,S2-143893689,S2-146019635,S2-179573781,S2-22308427,S2-362422237,S2-363854018,S2-478989496,S2-589662532,S2-727463813,S2-810715462,S2-881720768,S2-107129577,S2-251723559,S2-271978685,S2-279078322,S2-747698221,S2-772300304,S2-262499296,S2-445090531,S2-451135205,S2-615178301,S2-745060280,S2-770307078,S2-808787577,S2-872473775,S3-939363704,S2-208136778,S2-154595945,S2-202814438,S2-214971684,S2-30241818,S2-495283974,S2-509875116,S2-562654047,S2-670924428,S2-796579754,S2-859428181,S3-8361740,S2-139618466,S2-705613437,S2-58177643,S2-644142741,S2-842484455,S2-902273901,S3-688320436,S2-63397181,S2-246080838,S2-352958825,S2-471494117,S2-675524170,S2-807544590,S3-591303360,S2-15430319,S2-30532402,S2-398141771,S2-765532877,S3-114626100,S3-32406975
S1-740537919	S2-530272986,S2-812148346,S2-348938129,S3-665097892,S3-407703629,S2-187182801,S3-749914265,S2-172757263,S3-873855697,S3-257905268,S2-354994590,S3-52834608,S2-620169709,S3-644297480,S2-144421768,S2-417429718,S2-400705702,S3-658509470,S3-332242735,S2-239197368,S3-515680026,S3-287820136,S3-533512209,S2-256178046,S2-49794906,S2-494668113,S2-593916579,S2-312603812,S2-726416294,S2-237608863,S2-521312723,S2-505382049,S2-757278459,S2-281789323,S2-579002307,S2-881240809,S2-133611852,S2-205028682,S2-318276272,S2-350913793,S2-223894512,S2-257595674,S2-263186725,S2-551356310,S2-67781980,S2-68397989,S2-987787716,S3-516003825,S2-511233314,S2-692113070,S2-823275197,S2-913430692,S2-15897933,S2-292136097,S2-15907288,S2-160163104,S2-328819824,S2-236172941,S2-293957662,S2-508706858,S2-638841962,S2-814246015,S2-822136267,S2-864312151,S2-882070832,S3-660611189,S3-752679174,S3-19555090,S3-855959143,S3-460949616,S3-674081513,S2-233955789,S2-327044500,S2-729995609,S2-706295561,S2-562480373,S2-360759334,S2-827313615,S2-334526475,S2-604494418,S2-677793870,S3-885480974,S2-224209762,S3-94570722,S3-812824069,S3-389551063,S3-981201325,S2-869443248,S2-931962302,S2-407601477,S3-752553560,S3-491801332,S2-33343733,S2-525928187,S2-677582622,S2-82515465,S3-886125541,S3-994698401,S3-101936077,S3-147875504,S3-174014104,S3-841038687,S3-867986663,S3-627561398,S2-134179588,S2-304596935,S2-313457154,S2-881680761,S2-916424586,S3-282184145,S2-343903784,S2-100356934,S2-22053014,S2-347408870,S2-884646582,S2-918333631,S3-824904449,S2-357351765,S2-387961179,S2-455409130,S2-483601639,S2-627240894,S2-744096055,S2-758561571,S2-89751189,S2-429687395,S2-538385170,S2-56879433,S2-582285466,S2-643946098,S2-75603601,S2-988827822,S2-431969906,S2-44291370,S2-578075138,S2-870905084,S2-217869259,S2-276119767,S2-411946964,S2-825965161,S2-884042163,S2-121760920,S2-666936083,S2-119522508,S2-807749499,S2-565233128,S2-447353927,S2-189329702,S2-600801997,S2-365160866,S2-3254633,S2-865528160,S2-772383709,S2-791007247,S2-304554195,S2-520158797,S3-157546317,S2-394376911,S2-774587027,S2-400286055,S2-285965470,S2-739046764,S2-929827259,S3-158320497,S3-862717292,S2-993862441,S2-326270407,S2-666850326,S3-966787979,S2-91621036,S3-219310901,S2-297205874,S2-408566561,S2-600455713,S3-563916910,S3-619329017,S3-623303802,S3-909173300,S3-964250049,S2-950798097,S2-879546229,S3-419571553,S2-317456445,S2-371987908,S2-64431076,S2-130520794,S2-339649722,S2-349412998,S2-733690904,S3-823293078,S2-646113690,S2-671259745,S2-893073868,S3-31350357,S3-402797827,S3-458817307,S3-553108558,S3-605127585,S3-611670716,S3-346866175,S2-281892766,S3-275586195,S3-29105348,S3-488980535,S3-522357966,S3-859289675,S3-892061134,S3-960569225,S2-132845731,S2-941020384,S2-941345165,S3-181234364,S2-562016839,S2-66750806,S3-100735463,S3-123191973,S3-168870234,S3-419619436,S3-908903125,S2-195733548,S2-356338323,S2-82357945,S2-90429311,S2-926926254,S3-113181607,S3-217816012,S3-789575861,S2-241193097,S2-573758253,S3-109123061,S3-354737106,S3-853682256,S2-106190978,S2-459031632,S2-69333499,S2-832997586,S3-345669304,S3-47605712,S3-477268267,S3-505926168,S2-596940632,S2-660332651,S2-718324002,S2-117277062,S2-333672138,S2-726140814,S3-114109942,S3-13471137,S3-341823195,S3-787673389,S2-555298645,S2-647164052,S3-152380844,S2-532248084,S2-748133905,S2-776380089,S2-255241698,S2-646479444,S2-924945969,S2-454112761,S2-961376529,S3-429338808,S2-110879481,S2-248706960,S2-277897515,S2-519578439,S2-684389177,S2-696573783,S2-678508308,S3-314048466,S2-166035208,S2-344770126,S2-610641701,S2-958004512,S2-385701128,S2-552987885,S2-620553527,S2-163588882,S2-877041266,S2-569547278,S2-666772628,S2-417758033,S2-847640816,S2-936604120,S2-117729394,S2-152586612,S2-202880212,S2-929874468,S2-196761624,S2-536085113,S2-206964498,S2-407596224,S2-566376756,S2-475221743,S2-98772157,S2-846695661,S2-626192728,S2-402184997,S2-28855508,S2-311002103,S3-762626958,S2-525511509,S2-849998288,S2-687039654,S2-979668320,S3-134075739,S3-669324777,S2-670266204,S2-489234947,S2-252937123,S2-881230267,S2-20485579,S2-450334968,S2-615696767,S2-84419669,S2-943533412,S2-138440077,S2-582936230,S2-739992950,S2-808200424,S2-983508253,S2-358989912,S2-39060238,S2-47791016,S2-577968321,S2-778834096,S2-873672948,S2-904551768,S2-110130617,S2-444337157,S2-484485777,S2-105944687,S2-663141129,S2-420408221,S2-597991028,S2-714539877,S3-15032786,S2-126880918,S2-445546933,S2-517639589,S2-562572615,S2-584678340,S2-736806618,S2-782226067,S2-922979763,S2-924702647,S2-15537207,S2-244848078,S2-912057209,S2-652312887,S2-867583174,S3-551057454,S3-132746564,S3-194999792,S3-950412001,S2-52644959,S3-312346199,S2-30441522,S3-210990789,S3-150341461,S3-927307110,S2-878035018,S3-306749678,S3-346265119,S3-350092765,S3-401246948,S3-708681380,S3-945266641,S3-813926528,S2-617435169,S3-475295449,S2-794116140,S3-555306205,S3-832648695,S2-916529135,S3-264888739,S2-220486158,S2-25423668,S2-330167178,S2-832353593,S3-267612599,S2-478600379,S3-123652351,S2-762137791,S3-216694569,S3-456314634,S3-938467382,S2-312414085,S2-458967962,S3-648787183,S3-868887546,S2-102868809,S2-151471260,S2-163132202,S2-251723559,S2-277826202,S2-357099773,S2-392389070,S2-442977527,S2-456854539,S2-490928274,S2-50399884,S2-59244192,S2-629708727,S2-647069687,S2-720661436,S2-757431001,S2-78245077,S2-78300153,S2-791008520,S2-859015316,S2-888261163,S2-298294483,S3-299544286,S3-638437934,S2-730812018,S3-664683397,S2-50457721,S2-926510529,S3-318572176,S2-371018106,S2-389820959,S2-658953073,S3-140126411,S3-190527964,S3-237676462,S3-382686189,S3-706362781,S3-908364941,S2-12722185,S2-16785674,S2-668065179,S3-465753326,S3-855635019,S2-639968338,S2-933505775,S2-95353130
S1-810843427	S2-112495459,S3-464382451,S3-131015284,S3-341653765,S3-845558332,S3-230522563,S2-375201866,S3-585957009,S3-707594091,S2-572076349,S2-739014921,S2-816661110,S2-833514095,S3-119503001,S3-192010302,S3-538901028,S3-642785159,S2-646019041,S3-407197205,S3-626454348,S3-728415478,S2-663512552,S3-93253097,S2-239458860,S2-203979369,S3-595366008,S2-300305379,S2-48571310,S2-372496762,S2-166117562,S2-183434475,S2-237369852,S2-39093197,S2-456029218,S2-463479887,S2-543454446,S2-584354389,S2-604287507,S2-609656627,S2-69058871,S2-788696313,S2-811662303,S2-820238408,S2-883803106,S2-966078853,S3-121220243,S3-15179769,S3-163915922,S3-205564521,S3-477300764,S3-509929077,S3-761660344,S3-814572794,S3-864142997,S3-943488221,S3-950263361,S2-137078897,S2-219799647,S2-33824398,S2-343793423,S2-421469752,S2-421583576,S2-570733882,S2-683272757,S2-692387094,S2-806595389,S3-156017943,S3-251956318,S3-462512612,S3-518444684,S3-549191923,S3-743615744,S3-98294012,S2-104360891,S2-195481180,S2-258765697,S2-64848210,S2-98554015,S3-272096946,S3-440994452,S3-466355087,S2-155166505,S3-620512112,S3-566003985,S2-886615887,S3-427273400,S3-978242813,S2-4349803,S2-530376372,S2-819306316,S3-321707721,S3-3807237,S2-206151091,S3-523774194,S2-383805314,S3-680973874,S3-743275058,S3-965471205,S3-413365291,S3-365044854,S2-24423103,S2-273619388,S2-328547865,S2-330192942,S2-533466866,S2-537438109,S2-657757545,S2-669223172,S2-81782470,S3-394098459,S3-526563621,S3-770231637,S2-156167169,S2-214232249,S2-689021897,S3-304209095,S3-330159568,S3-357087784,S3-646197669,S3-68548413,S2-341961305,S3-500070331,S3-541208045,S3-685019444,S3-731230791,S3-680264030,S3-7142599,S2-840978183,S3-959405055,S2-328327849,S2-574463916,S2-682421664,S2-808539435,S2-631375853,S2-645269730,S2-828297899,S2-965103880,S3-37415826,S3-606581915,S3-657214660,S3-678679758,S3-733560538,S2-407358759,S2-430185568,S2-530500410,S2-604880051,S3-297006414,S3-425760871,S3-46588744,S3-540835138,S3-59186207,S3-604467343,S3-742552356,S3-834910621,S3-903729139,S2-14457235,S2-527751097,S2-683037264,S2-788858997,S3-280388375,S3-331823869,S3-375169475,S3-392979595,S3-485648829,S3-65285961,S3-789933480,S3-936820091,S2-10116518,S2-22647989,S2-242475762,S2-448414689,S2-538910121,S2-565413092,S3-140136228,S3-217712072,S2-317663452,S2-348184633,S2-884160339,S3-352415951,S2-969797414,S3-3935316,S3-560372893,S3-743253775,S2-253731881,S2-994849726,S2-164432455,S2-34459528,S2-360470475,S2-464883539,S2-4863529,S2-600775010,S3-186471964,S2-106957088,S3-521949478,S2-466242219,S2-50069255,S3-60811498,S3-994423638,S3-877168703,S3-883144253,S3-965349571,S2-680854666,S2-654315194,S2-370012159,S2-168693755,S2-176253975,S2-225198676,S2-263665098,S2-365336772,S2-459533312,S2-486204881,S2-597519205,S2-702583925,S2-81446814,S2-827925761,S2-935598631,S3-124585325,S3-235251697,S3-416031227,S3-451905597,S2-248886726
S1-586201918	S3-870086105,S2-232213140,S2-773232835,S3-122259109,S3-995155435,S3-795786474,S3-331287559,S2-211132333,S3-140167206,S2-866708717,S2-928906152,S3-825131151,S3-380108362,S3-233522581,S3-414036523,S2-278264656,S2-834175295,S2-923412372,S2-990110561,S2-801967790,S2-808717403,S3-400184734,S3-758046053,S3-676817534,S3-68053948,S3-379438668,S3-650111549,S2-562654047,S2-127957255,S2-447997313,S3-58424902,S3-38600088,S2-40948477,S3-155445322,S3-619329017,S2-674034146,S2-264074453,S2-775575924,S3-310523568,S2-131665475,S3-726758684,S3-75709776,S2-133966797,S2-589662532,S2-17670596,S3-967165666,S2-776002752,S3-515155277,S2-4161,S2-114079019,S3-444196472,S3-347127509,S2-79234411,S2-24880107,S3-507794383,S3-721466034,S3-290509289,S2-666724621,S3-791679100,S2-397135591,S2-551257195,S2-553483974,S3-733976965,S2-321864184,S3-563916910,S3-909173300,S3-964250049,S3-306749678,S2-137930038,S2-818310622,S3-582641970,S2-647617015,S3-785151656,S3-503214626,S2-264954450,S2-933935552,S2-952573038,S2-962404098,S3-731436251,S2-212401120,S2-365154795,S3-58296871,S3-629137668,S3-86200639,S3-419231457,S3-567055196,S3-788563509,S3-862731146,S3-343711238,S3-824587249,S2-658812232,S2-983475256,S3-878417401,S3-900397799,S2-438160223,S2-978576681,S3-92755024,S2-860290363,S2-917678335,S3-428322754,S3-46278519,S3-689803317,S3-814402683,S3-859995447,S3-877038698,S3-802196967,S3-432581867,S2-867964304,S2-688996267,S3-195044772,S2-481555186,S3-289890087,S3-11152601,S2-430095427,S3-446760726,S3-381552264,S3-282012174,S2-740421310,S2-104063962,S2-954928475,S3-370205259,S3-473851818,S3-57130736,S3-684829789,S2-249039123,S2-267032392,S2-651509461,S2-374946496,S2-814548873,S2-77846640,S2-126547047,S3-597000957,S3-729901091,S2-518213968,S3-533046933,S2-562016839,S2-916500859,S3-734668119,S2-374719040,S3-221920123,S3-388473175,S3-416829429,S2-215666211,S3-386575325,S3-623785395,S3-728234493,S2-825932490,S3-252976802,S2-104809767,S3-534733998,S3-744009229,S2-102770440,S2-188326759,S2-237091503,S2-254093256,S2-285561860,S2-417285822,S2-477017066,S3-339400947,S3-348596926,S2-436272880,S3-607438917,S3-97741735,S2-753550727,S3-539430598,S3-449258700,S2-497273708,S3-210248784,S2-810986213,S2-810715462,S3-114230225,S2-562347588,S2-976141734,S3-152380844,S2-208136778,S2-434444193,S2-79372882,S2-917506849,S3-79889269,S2-132548063,S2-170363125,S2-689803475,S2-596908038,S2-795622978,S3-897241757,S2-280903257,S3-223377563,S3-294999884,S2-783122632,S3-995269636,S2-481162885,S3-218074962,S2-18821896,S2-387423193,S2-268874219,S2-66276089,S3-658142271,S3-922947973,S2-118382419,S3-198384464,S3-703443269,S3-928451793,S3-432402962,S3-15411410,S3-895198403,S3-319825833,S3-583238922,S2-308806691,S2-818800912,S3-193875050,S2-918254749,S2-515983397,S3-574892482,S3-500750324,S2-277336541,S2-714945374,S3-36002822,S3-852619335,S2-565504170,S2-621145992,S2-846184635,S3-424026299,S3-594647610,S2-969073040,S3-723601764,S3-894112023,S3-208572086,S2-171662018,S2-825854323,S3-192383302,S3-947013785,S2-439202403,S2-832678468,S3-625740351,S3-438030771,S2-554996104,S3-406881658,S3-793872067,S3-647406028,S2-174031016,S3-692211572,S2-467083395,S2-274092067,S2-425030208,S2-826728814,S3-802583220,S2-660552676,S3-814481845,S3-24400050,S3-287974494,S3-316226897,S3-341823195,S3-436460498,S3-164402353,S2-890868318,S3-225617432,S2-44313990,S2-686943702,S2-750362195,S2-760396626,S2-817999287,S2-714437799,S2-789027518,S3-429557528,S3-969363026,S3-31830527,S3-933834435,S3-871375082,S3-235638300,S3-350252727,S3-946628644,S3-269957849,S3-133140081,S2-400996084,S3-81571133,S3-819252924,S3-958248387,S2-532902136,S3-289917195,S3-886207083,S2-211317910,S2-758602916,S2-602179110,S3-689827884,S2-478600379,S3-503185488,S3-330771747,S3-823908426,S3-593978243,S3-11601406,S3-753716574,S2-786206747,S2-648191636,S3-268434424,S3-588803188,S3-121783537,S3-837634878,S3-52220592,S2-754546787,S3-454069864,S3-8151938,S2-782823998,S3-252677509,S2-411463345,S2-423190606,S2-8163992,S2-660017633,S3-963892217,S3-575772252,S3-653115422,S2-650072707,S3-219121000,S3-374586248,S3-748491651,S2-64261427,S2-776673494,S3-469118646,S3-891820471,S3-610837998,S3-725942417,S2-107481447,S2-139636171,S2-746882727,S2-779928291,S2-847182310,S2-944536856,S3-17719397,S2-734191786,S2-817437895,S2-763505309,S2-94060079,S3-198011741,S2-554033996,S2-93356590,S2-280144421,S3-774078515,S3-286202806,S2-324604086,S2-39716947,S2-201270025,S2-267015538,S2-305419042,S2-675573164,S2-849691947,S2-850047831,S3-215864984,S3-221242495,S3-398271423,S3-950662912,S2-130702200,S2-833088345,S2-86922989,S3-831336791,S2-178842408,S2-665605852,S2-13582289,S2-205024965,S2-259103412,S2-383963017,S2-399793108,S2-478027688,S2-484661669,S2-52955822,S2-547273891,S2-584354389,S2-69058871,S2-861979543,S2-895383798,S3-107693510,S3-131937519,S3-31389340,S3-659520267,S3-829954673,S3-848150528,S3-904074551,S3-950263361,S2-13305417,S2-176554940,S2-265814323,S2-28581878,S2-59522830,S2-805514576,S2-926199064,S3-377766405,S3-493234719,S3-61359223,S3-935924610,S2-226766784,S2-42359546,S2-485275598,S2-740709211,S2-991717956,S3-356088057,S3-444997204,S2-242128004,S2-261926949,S2-542707737,S3-540527371,S3-745863470,S2-265764072,S2-388479117,S3-787768875,S3-435163982,S2-560064711,S3-301741296,S3-349472967,S3-693834506,S3-165173546,S3-238363197,S3-323384364,S3-675929044,S2-464581742,S2-645388596,S3-79498008,S3-949744083,S2-629519299,S2-63389550,S3-198870716,S3-227717472,S3-240175746,S3-459908701,S3-105705736,S3-105807245,S3-418572961,S3-441402557,S3-486152818,S3-66511483,S3-849504605,S2-379569983,S2-568064862
S1-715782406	S3-408249610,S2-33277065,S3-721778541,S2-255522078,S2-448806770,S2-163250330,S2-961060989,S2-767983228,S3-244452530,S3-105760988,S3-810125437,S2-972347406,S3-672725864,S3-807249111,S3-602093112,S3-301570158,S2-833422443,S2-910278300,S2-265442540,S2-180467531,S2-252790973,S2-400339295,S2-419040346,S2-52017206,S2-965024516,S2-446940813,S2-971276886,S3-485784640,S2-898059543,S2-999788487,S2-339268286,S2-878914775,S2-228971643,S2-584860692,S2-600982684,S2-636553546,S2-93693892,S2-540329220,S2-838893132,S2-710529545,S2-936744285,S2-948889130,S2-11933010,S2-5467059,S2-220136446,S2-674787088,S2-71571190,S2-895295949,S2-162831300,S3-139375021,S2-381552428,S2-542309839,S2-620562967,S2-63885213,S2-858539891,S2-123566967,S2-17521175,S2-239197368,S2-731238941,S2-124869331,S2-598740051,S2-618688556,S2-78955659,S2-858354896,S2-920418378,S3-298349474,S3-680770212,S2-395519178,S2-193187638,S3-458825246,S3-195404164,S3-277366004,S2-215208600,S2-448658251,S2-33517373,S2-903024462,S2-929664989,S2-757243614,S2-367221711,S2-4826310,S2-582276639,S2-84255602,S2-934876706,S2-21061444,S2-993862189,S3-86957174,S2-474802615,S2-530985738,S2-579038109,S2-591882873,S2-636935540,S3-976539371,S2-374262322,S2-935907144,S3-631788322,S3-711238718,S2-278783961,S2-444096791,S2-463047868,S2-718458879,S3-255364355,S2-594370410,S2-672852646,S2-784140590,S2-557033857,S2-903827928,S3-893101667,S2-342571902,S2-397069260,S2-992125899,S3-437838601,S2-603861719,S2-127162423,S2-367662228,S2-370588868,S2-551119790,S2-634857787,S2-29208267,S2-461835629,S2-691863044,S2-459968286,S2-118548723,S2-972640931,S2-159237847,S2-188959285,S2-103337963,S2-183838816,S2-839028665,S2-990255008,S2-102487240,S2-358384514,S2-628706955,S3-135658036,S2-333722326,S2-403623686,S2-862716123,S2-944744370,S2-266957409,S2-233117311,S2-794955979,S2-192326298,S2-250428117,S2-26893415,S2-393440210,S2-576919730,S2-659963204,S2-674845728,S2-685892068,S2-857134736,S2-151471260,S2-357301402,S2-818809148,S2-152377523,S2-188156996,S2-210103131,S2-599707976,S2-923370282,S2-143934849,S2-452141051,S2-508200784,S2-931962302,S3-934306076,S2-945879560,S2-523272870,S2-307396102,S2-838616809,S2-285761341,S2-717577607,S3-286200648,S2-57567218,S2-18959623,S3-799217053,S2-146413778,S2-160096683,S3-967922009,S2-986497974,S3-745944954,S2-818319320,S3-164020914,S2-607933545,S2-659192831,S3-394796957,S3-101631939,S2-100234598,S2-168787866,S2-424549624,S2-614118575,S2-686520987,S2-896346045,S2-97641919,S3-120543540,S3-193875050,S3-252746542,S3-426428895,S3-749372244,S3-798509671,S3-8104210,S3-1300536,S3-911102519,S3-289986154,S3-309750231,S3-750447398,S3-406832799,S2-322881287,S3-516388251,S3-636830045,S2-74928772,S3-195801141,S2-69284921,S2-366637821,S3-936475476,S3-604286594,S3-102851588,S3-120850029,S3-842578427,S2-18712551,S3-150012398,S3-806820547,S2-380752598,S3-210055781,S3-635615876,S3-742303076,S2-109953752,S2-25260882,S2-24446746,S2-184331217,S2-220912280,S2-226534012,S2-227567928,S2-288037385,S2-290030481,S2-29241194,S2-323087992,S2-390866028,S2-501474010,S2-511470440,S2-577968321,S2-684574274,S2-741561346,S2-866418138,S2-877708528,S2-889923853,S2-891570526,S2-904439849,S2-917253371,S2-948177661,S3-175920974,S3-20153751,S3-207045635,S3-242420685,S3-311533684,S3-323318043,S3-346644079,S3-466173894,S3-56878146,S3-574788513,S3-617824492,S3-658564870,S3-69071630,S3-703207723,S3-717485306,S3-76900879,S3-816462525,S3-853473106,S3-926082502,S3-928044871,S3-996502964,S3-582288886,S2-377209878,S2-907970516,S2-199840437,S3-563213931,S2-345239491,S2-813558856,S2-111953307,S2-757895372,S2-882164246,S2-402166521,S2-472886538,S2-759034238,S2-804773794,S2-851148226,S2-808809664,S2-86663792,S2-89151767,S2-94097504,S3-898639165,S2-228843443,S2-500459558,S2-775318157,S2-887142750,S2-960445723,S3-129863550,S3-908561527,S2-769453247,S2-984143127,S2-211214776,S2-444426718,S2-510269602,S2-552963205,S2-829399814,S2-402701725,S2-790627096,S2-728910276,S3-505981342
S1-435236027	S2-983851230,S2-5489821,S2-507918679,S2-549999023,S2-237346900,S2-330105025,S3-296323952,S2-576368719,S2-422746812,S3-809410312,S2-824213584,S3-882277217,S2-2997918,S2-388613237,S3-900370823,S2-521155236,S2-56969070,S2-902750523,S2-862062914,S2-215239606,S2-40992312,S2-75754137,S2-996673864,S3-218039528,S3-384847714,S3-46065849,S3-521949478,S3-713379574,S3-739701182,S3-878939527,S2-14370076,S2-372383259,S2-707550900,S2-806971914,S3-131100353,S3-700875104,S3-784643040,S2-537569903,S3-655336549,S2-379464211,S2-705772010,S2-304318656,S2-463911242,S2-365747337,S3-54693067,S2-375536819,S3-754515527,S3-165797221,S2-552293522,S3-933473919,S2-689219163,S3-165131486,S2-144461866,S2-599046987,S2-746915695,S3-108064219,S3-871689157,S2-549316954,S2-195615402,S2-28093946,S2-456029218,S2-634381467,S2-640033670,S2-751183142,S2-948314304,S3-269243254,S2-690541911,S3-97071708,S3-841201662,S3-402387262,S2-642208430,S2-399553252,S2-170667711,S2-179904830,S2-199288578,S2-21830978,S2-245081242,S2-325920121,S2-455015390,S2-465204400,S2-47916559,S2-592779064,S2-64732118,S2-738447408,S2-83987061,S2-917523020,S2-993426959,S3-239216241,S3-30487988,S3-356244013,S3-450979707,S3-509804705,S3-636708519,S2-351581395,S2-387493408,S2-613040929,S2-634720517,S3-107814405,S2-19321160,S2-714951257,S3-125427951,S3-30401520,S3-438582965,S2-214391015,S2-245705443,S2-251493979,S2-346224107,S2-420229057,S2-661967017,S2-697722492,S2-72852491,S2-892090231,S2-939486541,S3-166532547,S3-235202263,S3-295933393,S3-305297067,S3-413365291,S3-502069140,S3-55684803,S3-632885742,S3-644231025,S3-706453109,S3-757974025,S3-762535260,S3-762814971,S3-944117191,S3-386139423,S3-100660211,S3-114169913,S3-191462784,S3-252037039,S3-3069004,S2-732638273,S3-853894804,S3-505464698,S2-929261650,S3-365860347,S3-104888244,S3-199646492,S3-728122408,S2-837969729,S3-551326479,S2-260286251,S2-570394714,S3-172954494,S2-115717936,S2-181457865,S2-236881550,S2-237939467,S2-26593715,S2-396236169,S2-409358463,S2-453245168,S2-521409821,S2-540616356,S2-582027509,S2-62328008,S2-633186064,S2-69271108,S2-728668226,S2-820202338,S2-858531810,S2-914518133,S2-918141027,S2-937881011,S3-14196138,S3-142565817,S3-158170499,S3-188758890,S3-269476225,S3-305304996,S3-483830661,S3-528670484,S3-590401412,S3-6233089,S3-667272463,S2-752026866,S2-348030029,S3-432331318,S3-444779864,S3-461178573,S3-483586464,S3-524880814,S3-568223690,S3-586851839,S3-619703522,S3-659832551,S3-721688645,S3-771472353,S3-780756567,S3-973430464,S3-99259855,S3-805633261,S3-551873919,S3-9663720,S2-314450658,S2-522321440,S2-416113240,S2-832889803,S2-58069867,S2-685064062,S2-493442509,S3-126311753,S3-598056599,S3-832582716,S3-322638816
S1-801503566	S2-43749132,S2-847581709,S2-756879109,S2-234241479,S3-253645345,S2-134873386,S2-529856711,S3-448019216,S2-573574004,S3-252578328,S3-686132112,S3-577670450,S3-835180120,S2-23632105,S2-70090543,S3-470168102,S3-761862155,S2-39905798,S3-295020339,S2-483898468,S2-603395639,S3-402708862,S2-942960931,S3-292723286,S3-311370289,S3-656009690,S2-820689163,S3-741495661,S2-117392448,S2-286686052,S2-322822717,S3-672022812,S2-900757296,S3-586313965,S2-688590681,S3-842812761,S3-710513304,S3-84371592,S2-103619983,S2-489278096,S2-461277900,S2-424362557,S2-815952077,S2-983557172,S2-206151091,S3-998829038,S2-618083396,S3-18123642,S3-420365069,S3-45458297,S3-822015158,S3-87138214,S3-93194295,S2-10388240,S3-535567255,S3-667208259,S3-701835618,S3-873245295,S3-745657437,S2-607528512,S3-578427372,S2-287466425,S3-173032627,S2-317615863,S2-373283066,S2-51206038,S2-696036217,S2-725648583,S2-929602190,S2-940317555,S3-188300861,S3-228345007,S3-247180030,S3-285430204,S3-288792359,S3-30391449,S3-457423186,S3-465714924,S3-496912046,S3-578812548,S3-708463583,S3-709620299,S3-884729681,S2-579383703,S2-185282683,S2-371436307,S2-21062498,S2-25330840,S2-655770964,S2-739668818,S2-751682806,S2-821448379,S2-984680917,S3-12461920,S3-18981893,S3-690845377,S3-91665731,S2-903888974,S2-929934536,S3-204494598,S3-358286841,S3-568425843,S2-187009289,S2-188930041,S2-204326454,S2-227530234,S2-233858124,S2-253105855,S2-297235829,S2-301428705,S2-326312748,S2-326361044,S2-341091770,S2-374544495,S2-378774338,S2-395398984,S2-417380517,S2-475038352,S2-477351104,S2-563133660,S2-644845132,S2-646188511,S2-666290341,S2-702882047,S2-746750625,S2-757497690,S2-327975523,S2-333338119,S3-51353196,S3-559332040,S3-473528843,S3-967259558,S2-303894885,S2-397192534,S2-588040626,S3-685366330,S2-699723587,S2-741271957,S2-639829394,S2-946779809,S3-143737183,S3-413549538,S3-598111429,S3-707139010,S3-991576974,S3-327185457,S3-371091940,S3-465753326,S2-658268835,S2-91789334,S3-576901927,S2-225308572,S3-821528520,S2-915419982,S3-155348187,S3-374923573,S3-544286304,S3-548505097,S3-617246526,S3-777686295,S3-647676151,S3-754621247,S2-64784008,S3-238403778,S3-984672068,S3-854365899
S1-491559676	S2-640516803,S2-302381262,S3-534692581,S3-498796648,S2-957038324,S2-313382908,S3-139075013,S2-101926930,S3-983376969,S2-837460419,S3-574532300,S2-719787972,S2-179530554,S2-511919511,S3-419715044,S3-516264794,S2-136742801,S2-474520160,S2-582436648,S2-98732048,S3-142911825,S3-285430204,S3-809151891,S2-597322879,S3-239344377,S3-97693300,S2-95712074,S3-480675693,S3-711061076,S2-297565737,S3-448479987,S3-489848186,S2-325920121,S3-271101560,S2-421301205,S2-598439606,S3-623787021,S3-772251821,S2-348687163,S2-580006158,S3-183741168,S2-141336833,S2-208799773,S2-283036586,S2-340751034,S2-409007078,S2-484661669,S2-538515117,S2-55292037,S2-57794070,S2-592147984,S2-845859470,S2-938106328,S3-415977209,S3-464038651,S3-507232800,S3-577850600,S3-631022341,S3-72517153,S3-833538437,S2-140647310,S2-197078320,S2-294367444,S2-320477931,S2-380945826,S2-406198670,S2-460416934,S2-499761848,S2-518140698,S2-576786185,S2-640833067,S2-667771448,S2-6697250,S2-811642459,S2-968847257,S2-970225042,S3-117167601,S3-207108221,S3-234193675,S3-334774877,S3-421503011,S3-514460719,S3-521949478,S3-716886753,S3-738823237,S3-757761616,S3-776983953,S3-825103738,S3-834938318,S3-977917202,S3-98839856,S2-109287517,S2-332469623,S2-447271850,S2-575090540,S2-618083396,S2-667809286,S2-956834129,S3-124414524,S3-225571773,S3-238893745,S3-249651457,S3-252557733,S3-276227294,S3-352316925,S3-454721793,S3-510550304,S3-511033395,S3-511173484,S3-725989656,S3-888208356,S2-274485782,S3-460117832,S3-710348306,S3-745901189,S3-91366188,S2-214382773,S2-547719249,S2-670821568,S3-350949109,S3-440914385,S3-703054880,S3-906029966,S2-887165110,S2-764986898,S2-178535999,S2-366233077,S2-186096898,S2-123594278,S2-238914244,S2-416245589,S2-63685424,S2-770639293,S2-865657969,S2-867911288,S3-174849608,S3-178070669,S3-332325798,S3-390104263,S3-405150041,S3-467815612,S3-603807086,S3-665742745,S3-721992119,S3-83322124,S3-994336758,S2-163827327,S2-732901102,S2-986908292,S2-180843571,S2-207821702,S2-217323032,S2-227187628,S2-24798593,S2-268468395,S2-319052472,S2-524965081,S2-582534411,S2-65801278,S2-668500851,S2-745769418,S2-808255488,S2-832787690,S2-948314304,S3-154852240,S3-221154252,S3-270106367,S3-286533473,S3-339432660,S3-339842029,S3-346658597,S3-415356749,S3-552085799,S3-552674460,S3-577322165,S3-665272422,S3-776548827,S3-778105886,S3-832722721,S3-866016485,S3-890670585,S2-199276787,S2-769989885,S2-831881083,S2-48571310,S2-601225021,S2-273826621,S2-117815377,S2-137078897,S2-166117562,S2-183434475,S2-195481180,S2-198477232,S2-200310893,S2-203979369,S2-224018195,S2-23951315,S2-240427599,S2-251320733,S2-337934443,S2-349644955,S2-353901921,S2-363801645,S2-372746500,S2-375201866,S2-39093197,S2-415644003,S2-421469752,S2-443394127,S2-459654503,S2-257579736,S2-633775164,S3-100332302,S3-540803964,S3-640971043,S3-648106897,S3-867219632,S3-909697275,S2-529430372,S3-156599795,S3-943307938,S2-7076501,S3-136253360,S3-577463034,S3-939774438,S2-346312311,S2-520739451,S2-563601720,S2-85490628,S3-581775026,S3-744185844,S2-980175252
S1-76433334	S2-519245587,S2-544953449,S2-658187792,S2-822432403,S2-84013571,S3-573015886,S2-921257191,S2-761605067,S3-576276744,S3-394098459,S2-357693092,S2-466178892,S2-907495338,S3-557662983,S2-81105232,S3-203575103,S2-422573139,S2-542943258,S2-621309076,S2-964373374,S3-256872917,S3-469822217,S3-57920598,S3-748177418,S3-832343815,S2-480847261,S2-653364441,S3-566794238,S3-911501326,S3-928591192,S3-752072397,S2-703133741,S2-230244814,S2-572076349,S3-107314803,S3-642785159,S3-924114000,S3-312264106,S2-42092786,S3-152342735,S2-101159952,S2-294472803,S2-806992460,S3-16340100,S3-558264948,S3-654018339,S2-282052266,S2-401741542,S3-745863470,S3-861678644,S2-883445565,S3-864037751,S3-647168870,S3-503428163,S2-377261085,S2-414046719,S2-463479887,S2-578353435,S2-788696313,S3-175702382,S3-396907480,S3-488966047,S3-864142997,S3-921340622,S2-43829599,S2-833514095,S3-22310816,S3-671796913,S3-119257957,S3-498789314,S3-662734132,S2-181407267,S2-244333821,S3-247171168,S3-696150609,S3-79740332,S2-940243418,S2-165391152,S2-304524436,S2-319999984,S2-527420588,S2-567438825,S2-573276885,S2-657757545,S2-74073795,S2-871086166,S3-249141218,S3-254900418,S3-376541584,S3-570862776,S3-653683470,S3-696595987,S3-806283658,S3-806581656,S3-91510919,S3-986382137,S3-534922162,S2-424130315,S2-503639438,S2-517066988,S2-593143012,S2-80338970,S2-900742356,S2-982448762,S3-21325968,S3-342387960,S3-390166571,S3-497016848,S3-598477031,S3-611839894,S3-70225901,S3-719106980,S3-724476907,S3-884907572,S2-701028361,S2-131272424,S2-19075506,S2-301428705,S2-392284995,S2-445237295,S2-450122614,S2-546213106,S2-574461794,S2-703504021,S2-730842905,S2-780681749,S2-785398887,S2-790940737,S2-824213584,S2-849762877,S2-904359897,S2-497993436,S2-393975615,S2-372075237,S2-246502035,S2-354082094,S2-60320382,S2-750689889,S2-776412285,S2-807626971,S2-932543393,S2-110361948,S2-13070715,S2-156245042,S2-166086309,S2-197690501,S2-207544647,S2-209705221,S2-211515472,S2-217763603,S2-243264734,S2-255139086,S2-257343827,S2-267066133,S2-293789051,S2-298696591,S2-306109839,S2-31962705,S2-321298655,S2-3216698,S2-331738851,S2-344497696,S2-359286463,S2-400241956,S2-407480891,S2-408297922,S2-428548918,S2-447271850,S2-452229921,S2-482719769,S2-486567321,S2-535064687,S2-550008127,S2-55738486,S2-588315509,S2-595488173,S2-597562177,S2-608012863,S2-611274330,S2-667809286,S2-684771946,S2-692691493,S2-706114805,S2-712065025,S2-730940995,S2-742815669,S2-77439180,S2-781349655,S2-805650319,S2-808771786,S2-854703236,S2-88408390,S2-89776567,S2-898479908,S2-902395321,S2-918222567,S2-91886698,S2-919192264,S2-923059463,S2-933062560,S2-94192572,S2-954398646,S2-958405560,S2-959981086,S3-130789050,S3-332722227,S3-35144797,S3-363779949,S3-60801018,S3-953867085,S2-13582289,S2-146144106,S2-179816173,S2-205805196,S2-258177425,S2-261444205,S2-272627480,S2-425540547,S2-475038352,S2-498299407,S2-524652330,S2-555377956,S2-575982171,S2-580086945,S2-603339801,S2-626888446,S2-639946029,S2-674437457,S2-719301775,S2-719485570,S2-743150895,S2-753972016,S2-771338168,S2-790584057,S2-837969729,S2-849138776,S2-867493863,S2-876048254,S2-887697767,S2-892354885,S2-925753077,S2-957958250,S2-958587981,S2-983250360,S3-105958018,S3-456202493,S3-655523812,S3-753345620,S2-172030075,S2-18747567,S2-548629493,S2-824885918,S2-991928210,S2-731508700,S3-437160543,S3-774994421,S2-749242587,S2-146903375,S2-154209485,S2-252749509,S2-294692362,S2-455343958,S2-510264053,S2-541720810,S2-726113352,S3-623959851,S2-345056602,S2-324106798,S2-547012940,S2-618394064,S2-846597404,S2-887439281,S2-976631165,S2-456162650,S3-367131187,S3-4621575,S3-472139139,S3-560885616,S3-752336647,S2-193643144,S2-233447645,S2-234497519,S2-291502517,S2-295088851,S2-347576106,S2-358360267,S2-362974883,S2-54349357,S2-543720104,S2-547949503,S2-570394714,S2-611414797,S2-670630545,S2-705641716,S2-740905193,S2-833444442,S2-896858205,S2-916088759,S3-104888244,S3-10521775,S3-113153790,S3-125412924,S3-136015118,S3-145897844,S3-147196758,S3-163706231,S3-170227052,S3-218039528,S3-231988104,S3-271617297,S3-286519449,S3-324353838,S3-326197435,S3-333254764,S3-339463740,S3-359914595,S3-368373629,S3-382168369,S3-383716785,S3-394276498,S3-405678052,S3-410190270,S3-414112916,S3-414468261,S3-425997889,S3-44855178,S3-477410681,S3-482945533,S3-496104554
S1-893221716	S2-162726956,S2-287119160,S3-640078973,S2-618759824,S3-848741301,S2-318539672,S2-900757296,S3-542062005,S2-989001817,S2-600829017,S2-953351493,S3-227460636,S2-161048986,S2-185435262,S2-308810535,S2-3398972,S2-357704687,S2-464830455,S2-534361542,S2-538741359,S2-566862652,S2-585677223,S2-786807368,S2-832443047,S3-285281298,S3-296094838,S3-414036440,S3-820127526,S3-994522882,S2-450454556,S2-643757239,S2-759610398,S2-759915193,S2-761323706,S2-988919054,S3-329169563,S3-529841787,S3-735120949,S3-788547741,S3-849225749,S2-952684610,S3-439235732,S3-707594091,S3-81961062,S3-857619490,S3-54812403,S3-138149718,S3-37007819,S3-120159825,S2-850516294,S2-239137344,S2-897590063,S3-962602306,S2-493065704,S2-5617389,S2-596470973,S3-207229246,S3-518714686,S3-705343436,S2-415644003,S2-598073593,S2-17775711,S2-557004599,S2-639475019,S2-132917755,S2-920917796,S2-440163469,S2-193984004,S2-526052127,S2-612883580,S2-653828244,S2-742999925,S3-378192234,S3-408048183,S3-879676463,S3-888554670,S2-222722797,S2-244283246,S2-277916938,S2-322729814,S2-548534702,S2-586203271,S2-630772572,S2-85297111,S3-131255758,S3-186800198,S3-471258140,S3-492668202,S3-55919905,S2-102794889,S2-399210994,S2-675303468,S3-459798646,S3-551895626,S3-757220955,S2-566576724,S2-967182162,S3-210762710,S3-460632958,S3-699258935,S3-923425436,S3-29087536,S3-406686591,S3-542126764,S2-128802539,S2-16158601,S3-444613775,S3-473293326,S3-592478373,S3-746881606,S2-178994187,S2-527756583,S2-699801176,S2-741526191,S2-913913219,S3-217713974,S3-26779097,S3-401565047,S3-587533468,S3-755082546,S2-571172604,S2-777364000,S3-40029198,S3-503759369,S2-38436581,S3-170989487,S3-562248205,S3-592669044,S2-988539846,S2-127067678,S2-817031259,S3-528579285,S2-1253495,S2-129140727,S2-290296681,S2-330113136,S2-338943756,S2-384026433,S2-831455534,S3-184782610,S3-367302223,S3-433148752,S3-599349973,S3-672724176,S3-675226074,S3-878505764,S2-199350989,S2-214717655,S2-243141208,S2-455015390,S2-96787841,S2-791543650,S3-614134403,S3-635928183,S3-787174869,S2-132548063,S2-646479444,S3-930417372,S2-551356310,S3-353505249,S2-519581409,S3-432290548,S2-904439849,S3-134905700,S2-623835354,S2-640818653,S3-314413361,S3-41551093,S3-438392959,S3-460899993,S3-55973147,S2-788726439,S2-89313353,S3-419884547,S2-582426856,S2-885628642,S3-191592952,S3-211994492,S3-296302639,S3-564120464,S3-69660911,S2-367221711,S2-913603309,S3-338142407,S3-539854638,S2-321243781,S2-515290463,S2-599515158,S2-760677318,S3-195404164,S3-209396484,S3-463129975,S3-523855006,S3-598245511,S3-622830819,S3-706641176,S3-721514632,S3-787177359,S3-867739913,S2-193187638,S2-217294845,S2-490931972,S2-516211844,S2-627295577,S2-666772628,S2-793510641,S2-610948658,S3-181143163,S2-503786535,S3-616247038,S2-907308937,S3-106554183,S2-385924614,S2-783814735,S3-21044813,S3-468457413,S3-708046204,S3-81497442,S2-435191522,S2-454108618,S2-273233828
S1-51949553	S3-242029098,S2-702084467,S3-218700887,S2-929493918,S3-705076408,S3-200960552,S3-33814286,S2-425312556,S2-743423846,S3-797124896,S2-133613046,S3-428653943,S3-982958123,S2-567351720,S3-339868305,S3-279001254,S2-284197235,S2-598069607,S3-308173934,S3-888917196,S3-398028225,S3-957362873,S2-950643104,S2-999043754,S2-281598566,S2-741563452,S3-368633838,S2-566955833,S2-553515582,S2-869084228,S2-883313882,S2-90639888,S2-99338501,S3-359156975,S3-373477387,S3-478559697,S3-674745912,S3-838634189,S2-144250269,S2-147313012,S2-151325958,S2-50843012,S2-632430354,S2-63490493,S2-682481850,S2-89609472,S3-125688401,S3-164802641,S3-223923941,S3-361542671,S2-735907966,S2-877088909,S3-618265435,S2-143519663,S2-456984336,S2-515102247,S3-288136312,S3-658039501,S3-325269251,S2-857755468,S2-905641275,S3-163452585,S2-303377221,S3-110065290,S2-161408341,S3-122508176,S3-422707314,S3-787124029,S2-445026391,S2-323405342,S2-232399776,S3-514911225,S2-352368145,S3-732743122,S3-66147439,S3-769019208,S2-422419760,S2-963724963,S2-65259256,S2-286722888,S3-584170963,S2-844075765,S2-848617308,S2-907008570,S3-904784638,S2-437498969,S2-557173751,S2-76876259,S3-131864440,S3-181858463,S3-87033020,S2-131652983,S2-206571203,S2-361364753,S2-72852491,S2-837085920,S2-896154018,S3-215864984,S3-449370230,S3-920362801,S3-24361684,S3-762737865,S3-823617353,S3-938935106,S3-695399199,S3-739812190,S3-881755831,S2-523666221,S2-514801145,S3-273668564,S2-592562462,S3-93930226,S2-342151381,S3-804514052,S3-337452563,S2-290045553,S3-138500929,S3-969567072,S3-449708202,S2-273478635,S2-480207317,S2-900716673,S2-544384813,S2-868175239,S3-653741154,S2-352139480,S2-103366073,S2-899969174,S2-321897069,S2-501134182,S2-510770562,S2-820336962,S2-888602968,S3-140868004,S3-204132277,S3-483586464,S3-53255804,S3-556948405,S3-58971134,S3-58987662,S3-694071764,S2-119195701,S2-138451275,S2-166607705,S2-231065708,S2-266391268,S2-298696591,S2-302714077,S2-316317007,S2-354950307,S2-368640937,S2-425803410,S2-496277580,S2-537433345,S2-568042615,S2-712586646,S2-761695107,S2-782256921,S2-86118497,S2-881814328,S2-894386130,S2-936467076,S3-138512134,S3-210047157,S3-255694519,S3-492345455,S3-546078950,S3-601734144,S3-745579006,S3-765525781,S3-784139938,S3-80056058,S2-213768621,S2-250652409,S2-257301940,S2-28788333,S2-297034505,S2-345265192,S2-352508057,S2-45729747,S2-469477050,S2-479680175,S2-494114694,S2-610491234,S2-622135267,S2-707733960,S2-712470149,S2-791315401,S2-862087134,S2-871461575,S2-918084596,S3-156205371,S3-173636123,S3-190056291,S3-207606011,S3-224452052,S3-224774484,S3-332291465,S3-371708481,S3-466355087,S3-553658060,S3-655618597,S3-663409592,S3-734252644,S3-820731235,S3-866786462,S3-885649051,S3-943425837,S3-952328806,S3-961606650,S2-261926949,S2-4243514,S2-471918755,S2-531921412,S2-542707737,S2-687218619,S2-816213319,S2-885854918,S2-927043396,S2-955339472,S3-169106329,S3-292408526,S3-338563540,S3-417604696,S3-547725235,S3-592269548,S3-698792336,S3-721997003,S3-843934421,S3-954624533,S3-993599341,S2-416892100,S2-515087433,S2-902111978,S3-148506589,S3-653684091,S2-203227891,S2-310162295,S3-564119834,S3-496874058,S2-913175300,S3-256557525,S3-84237315,S2-66067911,S2-180028584,S2-276521368,S2-323696437,S2-42416017,S2-897152872,S3-157560574,S2-437212140,S3-252381287,S3-383248109,S3-219671645,S2-577942110,S3-287785931,S3-565690302,S2-320683320,S2-359337448,S2-443766827,S2-599026122,S2-799195621,S2-856293663,S2-861629365,S2-994356210,S3-146918993,S3-365167767,S3-405984962,S3-622087002,S3-657014928,S3-707584705,S3-747494329,S3-826092249,S3-881761286,S3-491801332,S3-313365226,S2-767192583,S2-832929403,S2-100255779,S2-319918653,S2-276258233,S2-29425663,S2-941452319,S3-210722612,S3-387816980,S3-611040302,S3-599429167,S3-10850817,S3-714930913,S2-946779809,S3-742116896,S2-253725095,S2-704724661,S2-964184194,S3-120147599,S3-174873239,S3-179332214,S3-683184473,S3-754255929,S2-139696050,S2-19997178,S2-372746500,S2-376614649,S2-47317189,S2-847819612,S2-907132977,S3-232286550,S3-262132915,S3-268903644,S3-412045432,S3-66823590,S3-673488650,S3-988644020,S2-183200098,S2-426698134,S2-518610164,S2-991302605,S3-255001351,S3-345295721,S3-696111559,S3-799125105,S2-956628839,S3-632273443,S3-242088021,S3-919831380,S2-442538312,S2-445930410,S3-498789314,S2-876152726,S2-898731881,S2-999374853,S3-175702382,S3-374923573,S3-44624512,S3-614322429,S3-650008669,S3-70225901,S2-459208020,S2-856815825,S3-426283046,S3-588490895,S3-809797514,S2-14156558,S2-49294114,S2-533871756,S2-574100144,S2-625806361,S2-821565455,S2-876725882,S3-570273535,S2-386730110,S2-571244964,S3-136176058,S3-219609282,S3-343103819,S3-615377759,S3-796544017,S3-525343151,S3-8601433,S2-705119189,S3-382753592,S2-780955432,S3-276135225,S3-36224725,S3-101621618,S2-444949898,S2-157777713,S2-588597694,S2-72937071,S2-981861757,S3-203476514,S3-296094838,S3-368892956,S2-107247001,S2-247838630,S2-388601734,S2-422369724,S2-574463916,S2-617488377,S2-649445213,S2-884771340,S2-966214679,S3-171561987,S3-285406314,S3-486590479,S3-578961594,S3-593961361,S3-672319223,S3-844607272,S3-864893497,S3-878921798,S3-905980687,S3-936464941,S2-303807360,S2-580086945,S2-836513031,S2-878281296,S2-952684610,S3-136061980,S3-249651739,S3-269821039,S3-339526490,S3-372354034,S3-384484004,S3-390166571,S3-448711496,S3-486531187,S3-576343757,S3-636168099,S3-650619634,S3-736318241,S3-739647777,S3-7574493,S3-812004268,S3-944858913,S3-982554497,S3-989122027,S2-228270604,S2-6995731,S3-23409383,S3-35597441,S3-899401351,S3-938676640,S3-321190135,S3-47867457,S3-59243695,S3-825605723,S3-846969695,S3-893421986,S3-339639245,S3-134946583,S3-844599912,S3-659404843,S3-136647210,S3-232453050,S3-84644078,S3-263014017,S3-957017979,S2-129978702,S3-20153751,S3-931229797,S3-995155435,S2-383469099,S3-412491515,S3-407281260,S3-42385977,S3-780295340,S2-124856018,S2-315411553,S2-757154758,S3-334236169,S3-509686297,S3-728580562,S3-880387082,S2-475619549,S2-62816956,S3-248078338,S3-374847815,S3-498557142,S2-809738933,S3-138378296,S3-360906103,S2-323237782,S2-844631086,S3-884440898,S3-385906892,S2-722947143,S3-57596064,S3-83481045
S1-679929967	S2-854653109,S3-763410106,S3-102014378,S3-930708399,S2-165857928,S2-480000018,S3-335218157,S3-686341519,S3-730431628,S3-915570090,S2-543080582,S3-721788762,S2-963516703,S2-846288174,S2-307208050,S2-261913573,S2-99747450,S2-213470527,S3-248265215,S3-249087521,S3-716627598,S2-248008701,S2-118123226,S2-302327967,S2-33946619,S2-863103016,S2-965024206,S3-131163535,S3-210047157,S3-255694519,S3-260623864,S3-43295501,S3-524912284,S3-601264109,S3-648972597,S3-804514052,S3-928690844,S2-144001576,S3-53346702,S3-879339913,S3-873855697,S2-575262322,S2-638701891,S2-650998077,S3-261655410,S2-135563096,S2-165951706,S2-915002301,S3-240741951,S3-683066081,S3-108255628,S3-444899017,S2-362854430,S2-465204400,S3-199745060,S2-712470149,S2-683037264,S3-466441636,S3-754766471,S2-321897069,S2-663035314,S2-721170887,S2-828956414,S2-955213232,S3-239921616,S3-654561809,S3-694071764,S3-700513080,S3-716545774,S3-740073921,S3-983820249,S2-126912751,S2-385008826,S2-385345071,S2-488274314,S2-736524079,S2-894386130,S2-911322645,S3-106599267,S3-227777935,S3-451639266,S3-582744953,S3-745944954,S3-955464734,S2-287058518,S2-506423109,S2-555377956,S2-837212147,S2-926180699,S2-969062643,S3-198954253,S3-201321924,S3-205919279,S3-378899373,S3-567485302,S3-641026648,S3-644074945,S3-683608775,S3-721688645,S3-877593497,S3-919046841,S2-414470140,S2-638533172,S2-656488527,S2-751091041,S3-596901077,S3-420864368,S3-824024348,S3-696953922,S3-710466787,S3-152323253,S2-168400221,S2-428246908,S2-347765081,S2-522806746,S2-597978530,S2-7226731,S3-494908758,S3-74671057,S2-753920456,S2-123594278,S2-177535246,S2-298254709,S2-515380963,S2-560139822,S2-831097311,S2-95584453,S2-167154769,S2-4863529,S2-667346526,S3-948524184,S3-404529878,S3-470978578,S3-727913967,S3-791867878,S3-916344420,S3-958083851,S3-337839735,S3-719723533,S2-384733286,S3-591408300,S2-546740455,S2-112680616,S2-132104003,S2-266751189,S2-363356533,S2-569390044,S2-657673240,S2-816034164,S2-913385175,S2-991557835,S3-125047990,S3-182830277,S3-24037572,S3-391302396,S3-550423784,S3-82269443,S3-82724594,S3-454038381,S2-690428050,S2-527420588,S3-691040426,S2-321298655,S2-373098417,S2-473688543,S2-568653623,S2-745668667,S2-8190926,S2-819339932,S2-833951460,S2-892151700,S2-936171711,S2-96187177,S3-16911931,S3-249141218,S3-265046256,S3-330833979,S3-39307211,S3-622801667,S3-725826485,S3-918048739,S3-974848515,S3-562397490,S3-889215323,S3-92890536,S2-546445256,S2-64784008,S2-563313124,S3-44286745,S3-852899249,S3-828324980,S2-328256271,S2-499002826,S2-803040969,S3-105760988,S3-185946904,S3-471345108,S3-960846580,S3-979918207,S3-876230466,S3-246749872
S1-104272161	S3-294122961,S2-104946432,S2-631427843,S3-605380995,S2-498299407,S3-698792336,S3-993599341,S3-327186624,S3-800251380,S3-777771841,S2-395398984,S2-198473904,S2-267066133,S2-356676419,S3-610200495,S3-737246000,S2-32424909,S3-409241026,S3-462142119,S3-82290572,S3-922911830,S3-307232362,S2-922341465,S2-146244112,S2-149213869,S2-360280798,S2-56633443,S2-998949754,S3-370261336,S3-3807237,S3-516860762,S3-570410475,S3-792468221,S3-920197917,S3-935575682,S3-954979457,S3-856097466,S2-614654373,S2-623498126,S3-940047589,S2-199350989,S2-425397344,S2-625200950,S2-812446072,S3-125038201,S3-188688429,S3-269267823,S3-503321852,S3-567485302,S3-927777688,S2-325470485,S2-357003732,S2-383989749,S2-223220854,S2-319379763,S2-457016870,S2-585622031,S2-61392643,S2-62028770,S2-730940995,S2-763172097,S2-767188918,S2-851731662,S2-857096917,S2-976569843,S3-240802150,S3-245114457,S3-298738523,S3-383366562,S3-456828810,S3-502414715,S3-523371753,S3-68467013,S3-754341147,S3-765108138,S3-810413119,S2-646067060,S2-842606353,S3-180561337,S3-197897717,S3-678679758,S3-690024599,S3-306842472,S3-906913601,S3-289521590,S3-352009921,S2-190410289,S2-480777334,S2-379820223,S2-408259152,S2-421789253,S2-457309441,S2-487472623,S2-556790083,S2-577352538,S2-588262803,S2-602491269,S2-609155344,S2-75566183,S2-815761144,S2-857021402,S2-870644121,S2-948821223,S3-136061980,S3-179748788,S3-217210662,S3-255220349,S3-269879426,S3-322616065,S3-359882099,S3-366821814,S3-407780476,S2-630772572,S2-436169257,S3-264002907,S3-79934164,S2-713450745,S3-18577085,S3-735584613,S3-867925646,S2-583875546,S2-813747816,S2-742119741,S3-382402580,S3-700198419,S3-4183120,S2-123793861,S2-136131114,S2-309552393,S2-371032072,S2-527739125,S2-549275477,S2-573328294,S2-925876913,S3-167863292,S3-243462796,S3-263513307,S3-55102982,S2-48571310,S2-803401756,S3-3935316,S3-584908729,S3-970356822,S3-98701920,S2-852006620,S3-231300922,S3-913628008,S3-35747086,S2-254868885,S2-967890795,S3-126870934,S2-128802539,S2-13744346,S2-206682303,S2-345133542,S2-528002548,S2-719857959,S2-901142028,S3-456768137,S3-460516577,S3-461404343,S3-545214061,S3-56261313,S3-578058762,S3-613075351,S3-782562371,S3-789445652,S3-822108261,S2-127427127,S2-301837413,S2-390939125,S2-395382908,S2-492184359,S3-149884174,S3-191297341,S3-242388738,S3-369443174,S3-371645797,S3-610733102,S3-665792839,S3-935925289,S3-984987994,S3-989655457,S3-998692248,S2-360575285,S2-395448941,S2-729796971,S3-226536732,S3-562536746,S3-576276744,S3-661052651,S3-688898860,S2-273233828,S3-647004061,S3-654140365,S3-766142154,S3-149286337,S2-808809664,S3-303650954,S2-796706140,S2-524413756,S2-625525089,S3-552814966,S2-401311750,S3-482973101,S3-558644457,S2-473548946,S3-644966005,S3-733617678,S2-716877111,S2-699090828,S3-78697746,S2-119522508,S2-262499296,S2-658417841,S2-905150109,S2-952163633,S2-892001136,S3-8361740,S3-968216176,S2-564002110,S3-728035231,S2-561028076,S2-707970128,S2-992874444,S3-677881401,S3-938201209,S3-284368324,S2-373162589,S3-986031808,S2-313275670,S3-1203494,S2-363168058,S2-271978685,S2-216617774
S1-860835473	S2-606342123,S3-184331812,S2-258342640,S3-328583675,S2-232503922,S3-520968908,S3-242901365,S3-861772014,S2-234924484,S2-341527643,S3-109232010,S3-422242684,S3-44294585,S3-987585345,S2-718537322,S2-755547575,S2-950063836,S2-622214423,S3-417366918,S3-446466282,S2-45085294,S2-371990710,S3-919526314,S3-312981411,S3-152535570,S3-126815291,S2-181319662,S2-274359411,S2-760568250,S3-30320298,S2-991996992,S2-978439307,S3-461215764,S2-395448941,S2-56611132,S2-916791910,S2-543454446,S2-109612393,S2-204596053,S2-273550780,S2-376757821,S2-74066096,S3-119503001,S3-198618882,S3-242127675,S3-272229216,S3-517623389,S3-657014928,S3-924419843,S2-378326110,S3-289727694,S3-36983152,S3-382753592,S3-437124381,S3-440994452,S3-955323738,S2-149897184,S2-286624709,S2-875573917,S3-683193830,S2-396272592,S2-661272019,S3-183770348,S3-377435701,S3-459431578,S3-583392008,S2-911695145,S2-254214733,S2-36067475,S2-468341777,S2-627810240,S2-908892607,S3-449400755,S3-518050987,S3-648512408,S3-759132597,S3-907321777,S3-935925289,S2-14080052,S3-850816860,S3-672502575,S2-434193596,S2-100651624,S2-346392221,S2-142529399,S2-205748720,S2-214473050,S2-288536442,S2-409601434,S2-464763885,S2-475355047,S2-590845894,S2-653354692,S2-720203228,S2-78871948,S3-121318523,S3-156706613,S3-198792521,S3-246294950,S3-292131809,S3-294390047,S3-350582457,S3-737913018,S3-740001066,S3-864189371,S3-91866267,S3-941836632,S3-970345696,S2-218947923,S2-646855482,S2-867703534,S2-811066809,S3-470130070,S3-594172290,S3-28671484,S3-277357095,S2-127191115,S2-176253975,S2-243017848,S2-431526955,S2-456877430,S2-50419147,S2-579930352,S2-634381467,S2-641876261,S2-821351931,S2-834150953,S2-377529496,S3-179665008,S3-60252879,S3-333855510,S3-748149036,S3-26334620,S2-749650829,S2-729761318,S3-435954210,S3-775774792,S2-392325341,S3-350825365,S2-58754291,S2-728944249,S2-195837643,S2-284456157,S2-490526068,S2-656460532,S2-687743938,S2-971788931,S3-141875849,S3-17266320,S3-583392019,S3-701151565,S3-761263464,S3-92354334,S2-271066939,S2-952684610,S3-329491640,S3-52194776,S3-626929181,S3-720376707,S3-848421465,S3-968499772,S2-892805034,S3-452361515,S3-938676640,S3-959190395,S2-697315489,S3-109635743,S3-422563761,S2-26623531,S2-48571310,S3-773686610,S3-808070705,S3-75135557
S1-510945330	S3-839615898,S3-652878353,S3-271129575,S3-658065082,S2-827587916,S2-807636836,S2-115096526,S3-251301923,S2-106404227,S2-178528773,S2-723922393,S3-51294330,S3-977456189,S2-301409083,S2-542789278,S2-810929197,S2-845122576,S3-399531082,S3-545992189,S3-683834344,S2-37633973,S3-422335579,S3-764215401,S3-97171856,S2-1701697,S3-401565047,S3-315874351,S3-784554008,S2-696485894,S3-503215603,S3-699549289,S3-931491316,S3-965252478,S2-454205864,S2-457016870,S3-544330097,S3-937159852,S3-981426489,S3-906099767,S2-136623658,S3-518163064,S3-646150501,S2-165908207,S2-421789253,S2-791353638,S2-806198333,S2-832929403,S3-411398094,S3-629362952,S3-842891950,S2-584981678,S2-629398952,S2-666003464,S2-613672916,S3-217386018,S2-125244015,S2-224948583,S2-479294177,S2-621908585,S2-674010776,S2-7877296,S2-813513460,S3-121768007,S3-259971135,S3-268769883,S3-36575804,S3-371091940,S3-448159414,S3-954514484,S2-952684610,S3-529155046,S2-804478059,S2-396236169,S3-197768499,S3-227115968,S3-867925646,S2-100270954,S2-176696712,S2-245211702,S2-373298216,S2-436310182,S2-565860109,S2-66666320,S2-693006787,S2-751272035,S2-767865515,S2-799742303,S2-866013824,S2-885931411,S2-945921848,S3-1823276,S3-217788676,S3-235828325,S3-591854225,S3-685656999,S3-787504040,S3-797414335,S3-859699221,S3-910453864,S3-920676001,S3-96475617,S3-164385092,S2-131721251,S2-217824215,S3-198178565,S3-444752793,S2-641282870,S3-223385834,S3-270185076,S3-49714912,S3-823199718,S3-82761046,S3-831752260,S3-836693036,S3-883378770,S3-887165255,S3-976063890,S2-757497690,S2-51911937,S2-156245042,S2-30057495,S2-668065179,S2-214897797,S2-528198967,S3-198807008,S2-509177834,S2-72856498,S3-182737580,S2-717929869,S3-667208259,S2-319918653,S2-440887697,S2-960574103,S3-192795626,S2-473592357,S2-964928835,S3-881761286,S2-699576439,S2-251723559
S1-714667202	S3-560998590,S2-395966512,S2-506256812,S2-981373716,S2-862450766,S3-743881341,S2-130299112,S2-328819824,S2-961376529,S2-681569962,S2-842484455,S3-131085423,S2-365377902,S3-921088269,S2-967271180,S3-391208729,S3-943699922,S3-981959325,S2-381055221,S2-991160924,S3-188377814,S2-599710910,S2-965708399,S2-95434946,S2-966272253,S3-847558569,S2-833422443,S3-533594092,S3-461327020,S2-920011128,S2-829544155,S3-384301476,S3-301626523,S3-132759061,S3-683315325,S3-829008588,S3-970529545,S2-13110103,S3-865107456,S3-229460067,S2-64648009,S2-613708295,S3-492701458,S3-120543540,S2-857014550,S3-753716574,S2-465651119,S2-733071221,S3-960846580,S2-324457251,S2-387036385,S2-406373694,S2-491007555,S2-527544429,S2-542309839,S2-573694805,S2-769453247,S2-783058208,S2-895295949,S2-902613001,S2-906650194,S2-923370282,S2-950170951,S2-96154096,S3-18982717,S3-236004540,S3-335401131,S3-431213168,S3-443394743,S3-506430815,S3-531705396,S3-58338030,S3-635250534,S3-661026318,S3-708431942,S3-736133431,S3-777780135,S3-813399818,S3-831769194,S3-963435030,S3-968994155,S3-979781083,S2-174648605,S2-23818251,S2-455030461,S2-606722129,S2-732638273,S2-907779290,S3-173844037,S3-251249215,S3-496590338,S3-535037697,S3-588742248,S3-593802734,S3-671464879,S3-750332191,S3-807162081,S3-812785091,S3-916436143,S3-932055942,S3-986352932,S3-177741470,S3-272223725,S3-456314634,S3-685541441,S3-451093072,S2-99317505,S2-376932926,S2-846206656,S3-146047821,S3-183660807,S3-216694569,S3-561430754,S3-723221123,S3-841405155,S2-262246394,S2-721277816,S3-968788817,S2-365160866,S2-886770162,S2-904302884,S2-113209235,S2-334252415,S2-576394825,S2-144495567,S2-159453772,S2-200273569,S2-636170220,S2-936706016,S2-959861478,S2-779925954,S2-7076501,S2-770206429,S2-952100733,S2-656857238,S2-65788520,S2-843099261,S2-923531207,S3-203401475,S2-769999948,S2-643081732,S2-826242335,S2-836191730,S2-143893689,S2-179573781,S2-22308427,S2-642385673,S2-727463813,S2-795588391,S2-256525161,S2-64402314,S2-16627259,S2-262499296,S2-445090531,S2-451135205,S2-615178301,S2-742063613,S2-745060280,S2-770307078,S2-808787577,S2-837311720,S2-872473775,S3-939363704,S2-181354644,S2-738849222,S2-949669109,S2-134964776,S2-202814438,S3-203876681,S2-516457248,S3-157231773,S3-527858328,S2-792987376,S2-941914846,S3-942618036,S3-753229471,S3-630009988,S2-795678672,S2-943887542,S2-982750926,S2-477427667,S2-138815229,S2-925605183,S3-644288495,S2-214971684,S2-30241818,S2-478989496,S2-495283974,S2-509875116,S2-562654047,S2-614118575,S2-670924428,S2-796579754,S2-859428181,S2-881720768,S2-996887210,S3-149286337,S3-41190672,S3-8361740,S2-150072294,S2-18959623,S2-305326274,S2-369647429,S2-393090162,S2-494841174,S2-544380646,S2-58177643,S2-644142741,S2-733902032,S2-752056500,S2-785931810,S2-902273901,S3-688320436,S2-121041364,S2-134514975,S2-195525596,S2-218136184,S2-246080838,S2-248782905,S2-258109370,S2-291516857,S2-352958825,S2-471494117,S2-49607397,S2-520229938,S2-642991837,S2-675524170,S2-689718692,S2-723758825,S2-788955150,S2-807544590,S2-966165161,S2-970604984,S2-986332514,S3-591303360,S2-376074696,S2-705613437,S2-100049666,S2-15430319,S2-187000874,S2-192799102,S2-30532402,S2-306530975,S2-398141771,S2-519581409,S2-753251545,S2-76520780,S2-765532877,S2-77193342,S2-774082247,S2-803680263,S2-80382735,S2-807546621,S2-944184219,S2-955045795,S2-963182134,S3-990255003,S2-117606038,S2-373162589,S2-408987221,S2-486937594,S2-497196081,S2-511470440,S2-533433336,S2-553182661,S2-555414160,S2-652048732,S2-775691909,S2-815132271,S2-840239719,S2-882332037,S2-917253371,S2-920427535,S2-930255721,S3-321524603,S3-914186761,S2-126683591,S2-195371031,S2-26358540,S2-26399698,S2-33817347,S2-341348452,S2-350470002,S2-384181199,S2-403139338,S2-545502413,S2-546530060,S2-554263386,S2-607494890,S2-631585661,S2-674219674,S2-754812050,S2-755260429,S2-837835443,S2-140251966,S2-157248407,S2-206259331,S2-329009735,S2-401311750,S2-414258579,S2-430294225,S2-453931975,S2-496534942,S2-547928925,S2-551257195,S2-672645442,S2-848068637,S2-876063060,S2-903470479,S2-925231581,S2-93314397,S2-949704774,S2-108503048,S2-129576913,S2-336190836,S2-453508101,S2-540662037,S2-561543490,S2-611122826,S2-630064691,S3-578038192,S3-554665649,S3-84583186,S3-560952881
S1-650250203	S3-259971135,S2-706422357,S2-485318358,S3-406788482,S2-226537032,S2-281561913,S3-324009787,S3-350825365,S3-692153679,S2-942670260,S2-56307517,S2-753071684,S2-766039043,S3-118789362,S3-121301511,S3-228429699,S3-394413542,S3-582596950,S3-63475031,S3-965483141,S2-186353037,S2-241950610,S2-448674228,S3-330925724,S2-768398818,S2-484661669,S2-927043396,S3-954514484,S2-674010776,S2-612715460,S3-706390107,S2-907064957,S3-757329643,S2-251254102,S2-109287517,S2-340461233,S2-555741216,S3-43404046,S3-883359046,S3-815170590,S3-313593926,S2-617038230,S2-959981086,S3-514226137,S3-888198740,S2-477562569,S2-961046313,S2-626444838,S2-224948583,S2-584981678,S2-629398952,S2-813513460,S3-217386018,S3-663494250,S3-898398591,S2-559181415,S2-474341898,S3-396993468,S3-664866996,S3-893127512,S3-192672467,S2-344048806,S2-502302944,S2-537980397,S2-682030415,S2-73381672,S2-755149034,S2-87017666,S2-939730445,S3-123021049,S3-270432993,S3-369433644,S3-462504797,S3-549191923,S3-716783816,S3-861622183,S2-115525791,S2-308810535,S2-533472102,S2-744617441,S2-832301907,S3-169273811,S3-206882129,S3-264646877,S3-529841787,S3-647004061,S3-67906919,S3-782227818,S3-832738246,S3-868851899,S3-973504919,S2-411091272,S3-516260964,S3-525040497,S3-618265435,S3-157704579,S3-196688726,S3-285281298,S2-506423109,S2-911322645,S3-250642795,S3-663532919,S3-683608775,S2-212268271,S2-301409083,S2-427274567,S2-802117029,S2-991996992,S3-154734921,S3-258832352,S3-367434684,S3-561318440,S3-855764963,S3-949241401,S3-979736092,S3-36575804,S3-268769883,S2-125244015,S2-479294177,S2-613672916,S2-621908585,S2-666003464,S2-7877296,S3-121768007,S3-371091940,S3-448159414,S3-839615898,S3-164200477,S3-513145095,S2-278315910,S2-51671352,S3-185016302,S3-956284451,S3-632816231,S3-11229470,S2-265202355,S2-496530120,S2-634381467,S2-662994879,S2-739066574,S2-763274241,S2-781393752,S2-798997792,S2-959461320,S3-222586790,S3-265454444,S3-352594609,S3-386399777,S3-44344315,S3-609699097,S3-624217981,S3-644850863,S3-672724176,S3-89624311,S3-912107018,S2-230965231,S2-237321125,S2-297331416,S2-518637324,S2-641841632,S2-70618622,S2-795802724,S2-829479613,S3-670354221,S2-473558232,S2-980620833,S3-64862218,S2-652921326,S2-376650961,S2-385454922,S3-896391720,S2-102828033,S2-297426756,S2-327719267,S2-370570466,S2-417387666,S2-5351382,S2-541925364,S2-696730913,S2-890283476,S2-904531144,S3-27941783,S3-295020339,S2-375739889,S2-550134601,S3-154801255,S3-156017943,S3-336392678,S3-373102945,S3-403357274,S3-544330097,S3-671696758,S3-774469452,S3-91063123,S3-925063059,S3-953079667,S3-960637583,S3-975262426,S2-809133261,S3-74984836,S3-73915621,S3-11015270,S3-186820481,S3-559097481,S3-622398648,S2-630227109,S2-386808804,S2-996120341,S2-786202432,S3-801479820,S3-636281726,S3-692546046,S3-775851169,S3-963636245,S2-115309284,S2-471473845,S2-646019041,S2-942655742,S2-561296313,S3-523180569,S2-22347775,S2-296495513,S2-474471191,S2-568852263,S2-680258876,S2-793289117,S3-312313646,S3-459753938,S3-648867860,S2-305518564,S3-529155046,S3-26175729,S2-646497393,S2-806791187,S3-634915944,S2-970769379
S1-969912414	S2-432740074,S2-448344558,S2-47204282,S3-40614206,S2-309950188,S3-602572491,S2-992618207,S2-996535652,S3-251096831,S2-790702819,S2-125880260,S3-753251679,S2-837835443,S2-652359699,S3-665310645,S2-39119367,S2-353038722,S2-194970367,S2-488406532,S2-155326246,S2-344124116,S3-390324715,S2-398100646,S2-52905619,S2-579038109,S2-270775469,S3-275021612,S2-30585159,S2-938356717,S3-427213157,S2-833718662,S3-102114654,S3-192018901,S3-265032757,S3-373520367,S3-515680026,S3-385054264,S2-934876706,S2-736368225,S3-681654704,S3-430661456,S3-335401131,S3-777780135,S2-635987423,S3-429964199,S2-684849849,S2-392564127,S2-176433920,S2-510269602,S2-778750868,S2-551896412,S2-220136446,S2-403982480,S2-233117311,S2-176836098,S2-513557524,S2-123566967,S2-814780454,S2-288037385,S2-555298645,S2-115270095,S2-136585794,S2-265508665,S2-474960790,S2-647069687,S2-706937573,S2-78245077,S3-135965709,S3-188898809,S3-210248784,S3-216694569,S3-26962745,S3-318885155,S3-412871613,S3-456314634,S3-725994312,S3-747639965,S3-793451005,S3-935707168,S2-321964681,S2-383623949,S3-758911993,S2-270372581,S2-754866017,S3-795786474,S2-573951170,S3-533594092,S2-627790873,S2-91962263,S2-996505161,S3-557614311,S2-745523880,S2-703030979,S2-972336765,S2-557158546,S2-148603980,S2-176453032,S2-248782905,S2-293957662,S2-576481848,S2-618827616,S2-62868587,S2-629146108,S2-644388524,S2-688184663,S2-7360410,S2-7383111,S2-773834016,S2-932645614,S2-954306841,S3-123371678,S3-124733926,S3-176265736,S3-293599155,S3-30101717,S3-345908744,S3-368187524,S3-595476795,S3-600091417,S3-633028363,S3-710373574,S3-735853880,S3-947289531,S2-270921775,S2-510584185,S2-660332651,S2-973944828,S2-171355702,S2-334564780,S2-478190409,S2-492843467,S2-55278548,S2-561028076,S2-624325639,S2-693696960,S2-859267936,S2-93837193,S2-948844395,S3-262902404,S3-284368324,S3-317170325,S2-568884310,S2-900746715,S2-982713811,S2-96874427,S2-260720057,S2-87266340,S3-370205259,S2-200036372,S3-268769883,S2-220046590,S3-186774101,S3-210382157,S3-325175582,S3-100660211,S3-767994874,S2-234464152,S2-85875461,S2-825171812,S2-476788531,S2-714939061,S2-935907144,S3-135658036,S2-334683981,S2-936744285,S2-168029279,S2-671469605,S2-208613243,S2-328256271,S2-639956800,S2-677186392,S2-857014550,S2-893012413,S2-139068371,S2-314276441,S2-470513992,S2-567959360,S2-679400523,S2-94097504,S2-996253136,S3-92463018,S2-228843443,S2-299518592,S2-410518772,S2-456770131,S2-494056012,S2-727377786,S2-205607447,S2-246158833,S2-295147,S2-327484301,S2-365154795,S2-386875573,S2-630839890,S2-654835273,S3-900308710,S2-358384514,S2-463047868,S2-607933545,S2-628706955,S2-861141323,S2-987193241,S2-898059543,S2-984143127,S2-134544731,S2-248713065,S2-273701980,S2-719198286,S2-933271439,S2-338094304,S2-557033857,S2-589740515,S2-604528553,S2-678057554,S2-761873866,S2-920269664,S2-923312445,S2-977052716,S2-999788487,S2-838616809,S2-150602917,S2-228971643,S2-355995288,S2-379336967,S2-415156610,S2-449410675,S2-496927737,S2-584860692,S2-600982684,S2-630227109,S2-636553546,S2-717360790,S2-724504787,S2-865567266,S2-894905288,S2-903024462,S3-127858375,S2-103337963,S2-150534562,S2-183838816,S2-190320863,S2-210701798,S2-229120335,S2-231960573,S2-265442540,S2-267308729,S2-328093323,S2-333133808,S2-342176703,S2-367662228,S2-402701725,S2-520506500,S2-527544429,S2-571305760,S2-580408572,S2-580696525,S2-617067839,S2-640551535,S2-710529545,S2-750837414,S2-757243614,S2-818319320,S2-839028665,S2-846206656,S2-848478537,S2-937497961,S2-948889130,S2-990255008,S3-727140562,S2-111953307,S2-116355508,S2-254294410,S2-29208267,S2-333722326,S2-365835302,S2-367221711,S2-397069260,S2-403623686,S2-431205048,S2-437511384,S2-477602921,S2-4826310,S2-485577810,S2-489619141,S2-582276639,S2-590562659,S2-596003069,S2-648423960,S2-674787088,S2-684842950,S2-71571190,S2-731364805,S2-757895372,S2-84255602,S2-862716123,S2-869471470,S2-882164246,S2-895295949,S2-923657899,S2-944744370,S2-962714459,S2-981791141,S3-234738677,S3-506760376,S2-162831300,S2-183735551,S2-188326759,S2-21061444,S2-266957409,S3-132796799,S3-940999286,S3-194540377,S3-616847451,S3-175295767,S3-123008660
S1-570110140	S3-383323753,S3-739781366,S3-486338300,S2-848617308,S2-946930323,S3-939768206,S3-245949163,S2-683037264,S2-506423109,S2-879829599,S3-348140172,S2-104730071,S3-983085786,S3-683608775,S3-81035642,S2-515683556,S2-728923855,S3-84721886,S2-462912029,S2-120251136,S3-76297899,S3-761633701,S2-179551033,S2-235109708,S2-307437066,S2-322923202,S2-391767996,S2-462547006,S2-511045955,S2-512132317,S2-526249444,S2-627810240,S2-671666594,S2-708092716,S2-807458479,S2-869084228,S2-972979736,S3-215550382,S3-233424126,S3-296474929,S3-312840996,S3-521310879,S3-546229159,S3-659114268,S3-759487772,S3-989655457,S2-10388240,S2-138882927,S2-293326432,S2-334079073,S2-336576148,S2-72680087,S3-991576974,S3-37007819,S2-511242505,S2-520749222,S2-614577371,S2-721170887,S2-751961394,S3-260550708,S3-320682221,S3-943158237,S3-449478189,S3-928139380,S2-437850700,S2-14617715,S3-92716683,S2-579837138,S3-263824760,S3-969160129,S2-319379763,S2-567857162,S2-895720098,S3-921962347,S3-301042387,S3-65120052,S2-731630866,S2-218003727,S2-44595980,S2-494172014,S3-448711496,S2-550913949,S2-675604057,S2-818734001,S3-646394546,S2-885021309,S3-440914385,S2-607528512,S2-468968579,S2-534260699,S2-536814465,S2-642653496,S2-64347625,S2-679518631,S2-702867662,S2-837212147,S2-971045776,S3-118444993,S3-219307300,S3-299714770,S3-322323793,S3-558373886,S3-712400188,S3-738182145,S3-760498478,S3-801386729,S3-813449055,S3-879540380,S3-902949344,S3-956965161,S2-295561257,S2-397103855,S3-547541215,S3-80480378,S2-260937678,S3-163684000,S3-218076510,S2-28163226,S3-977376822,S3-138306289,S3-13758349,S2-366853882,S3-868508523,S3-571891306,S3-992697705,S2-228549572,S2-444217758,S2-731166902,S2-757813089,S3-391368019,S3-427197917,S3-567821731,S3-723230798,S2-319464666,S2-378634229,S3-1047580,S3-26501809,S2-226766784,S2-648578509,S2-813428139,S3-365551131,S3-387440839,S3-963636245,S2-292660441,S2-345352316,S2-520678397,S2-522647139,S2-567158131,S2-997729403,S3-301412938,S3-368633838,S3-463399980,S3-517949678,S3-689983300,S3-871052211,S2-408221416,S3-28932003,S3-739905710,S3-970345696,S2-195681154,S2-567351720,S2-877088909,S2-999043754,S3-261918552,S3-521827173,S3-872738080,S2-215074585,S2-618083396,S3-151989258,S3-352316925,S3-509495581,S3-586313965,S2-652921326,S2-592087176,S2-680665127,S2-751091041,S2-89324565,S3-658685199,S2-23951315,S2-878965902,S2-983876179,S3-356541744,S3-990651899,S2-161408341,S2-997025607,S3-551498703,S2-276048976,S2-399152678,S2-684016932,S3-710348306,S3-143737183,S2-612195345,S3-976518683,S3-44241381,S2-63649468,S2-934902705,S3-162309460,S3-222553876,S2-273233828,S3-675642602,S3-339639245,S3-654432811,S2-178099275,S2-235254075,S2-285122310,S2-295879567,S2-317723324,S2-330192942,S2-334655078,S2-371806019,S2-447595543,S2-466525767,S2-471692781,S2-566945784,S2-716440534,S2-733805727,S2-749650829,S2-766173940,S2-778431691,S2-780493456,S2-85664604,S2-887495525,S2-965024206,S3-131163535,S3-262006746,S3-274345626,S3-277462161,S3-338040406,S3-352607632,S3-414768952,S3-526833701,S3-647243566,S3-648972597,S3-71472022,S3-811958362,S3-827144932,S3-858578080,S3-789445652,S2-109914725,S2-213768621,S2-237476205,S2-24700222,S2-265477436,S2-282334992,S2-381744066,S2-392311680,S2-409356879,S2-420229057,S3-354216313,S3-235108720,S3-340060448,S2-996416699,S2-417656807,S3-859554181,S2-879701121,S3-41190672,S3-576162695,S2-418269834,S3-528127897,S3-749840986,S2-244713757,S3-917859811,S3-486342692,S3-864003408,S3-892369909,S3-989705057,S2-613396164,S3-500349142,S3-824542043,S2-887535059,S2-467056898,S3-181253015,S2-490645863,S2-532454116,S2-743132252,S2-816213319,S2-843705332,S2-866871352,S2-89597725,S2-971412773,S2-988962532,S3-645462836,S3-733363223,S2-807636836,S3-487006977,S3-64345835,S2-64258798,S3-352102065,S3-897403291,S2-55689944,S2-421789253,S2-947223069,S2-971240649,S2-101577389,S2-26774382,S2-366351373,S2-439206901,S2-479680175,S2-567853616,S2-622387307,S2-628514838,S2-800748585,S2-839308921,S2-863103016,S3-165408972,S3-224689581,S3-524497246,S3-653354453,S2-195481180,S2-369906018,S3-343103819,S3-546563580,S3-740073921,S3-144991832,S3-88124807,S3-479146492,S2-515102247,S3-971753744,S2-18456842,S2-23654760,S2-313149189,S2-361817458,S2-438799562,S2-827258970,S2-849040229,S3-171561987,S3-378214772,S3-412524027,S3-470808689,S3-566003985,S3-59615138,S3-596251586,S3-648554668,S3-684690681,S3-685429505,S3-729254864,S3-743275058,S3-832991938,S2-125218541,S2-13582289,S2-161421414,S2-330460933,S2-53561790,S2-632825237,S2-632994925,S2-708002037,S2-719485570,S2-946673422,S3-136061980,S3-176746480,S3-204711785,S3-347905685,S3-61359223,S3-636168099,S3-736318241,S3-7574493,S3-380928295,S2-356249582,S2-480777334,S2-912901994,S3-47867457,S3-383366562,S3-394538871,S3-524683351,S3-591772098,S3-723276862,S3-918140831,S2-127596672,S2-46488232,S2-604001394,S2-660938139,S3-315436973,S3-338286792,S3-353342135,S3-580308603,S3-603183961,S3-60578132,S3-817258359,S3-837152322,S3-843706069,S3-853088535,S3-903908488,S3-930708399,S3-949847316,S3-962148935,S3-262118139,S3-898953762,S2-220538032,S2-250762302,S2-4243514,S2-527005677,S3-637171677,S3-682098327,S3-824024348,S3-148799520,S3-271382007,S3-849148417,S2-783751571,S2-866363509,S2-498245756,S2-744345032,S2-751453041,S2-852464830,S2-716850714,S3-145245236,S3-665975015,S2-929036866,S2-976873654,S3-295933393,S3-349637185,S3-354827467,S3-404387112,S3-469576814,S3-583650416,S2-111885697,S2-542996270,S3-153802860,S3-628108270,S3-8847855,S3-187292925,S3-292113991,S3-472047396,S3-568425843,S3-78281098,S3-965052248,S2-933716178,S3-471014899,S3-883378770,S2-307208050,S2-909242423,S3-729266191,S3-771441851,S3-816155839,S3-954221880,S3-977967853,S2-341247331,S2-815651731,S2-847874978,S2-976938752,S3-106724829,S3-116777266,S3-146940682,S3-17223509,S3-186736284
S1-810832411	S2-798114994,S3-84335326,S3-783921040,S3-999218492,S2-769143094,S3-270734257,S3-267940618,S2-307481716,S3-109852316,S2-362974883,S3-459431578,S3-299057421,S3-292452792,S2-646065181,S3-348128124,S2-369674800,S2-495331594,S3-941349777,S3-942382212,S2-841896499,S2-290656504,S2-342839201,S2-516457248,S2-518062514,S2-740456817,S2-883299788,S2-968700459,S3-119694229,S3-371430261,S3-435442521,S3-629298322,S3-684536514,S3-775579595,S3-966493191,S2-775619492,S2-380233599,S2-967951337,S3-845244199,S2-132066637,S2-19032207,S2-453501849,S2-706114805,S3-18123642,S3-783671587,S3-95982475,S3-984195123,S3-996005917,S3-302329148,S2-245705443,S3-100331268,S3-3572223,S3-373721184,S2-389476915,S2-769583041,S2-401017426,S2-853352948,S2-169007532,S2-74866610,S3-253704117,S3-377483962,S3-413842777,S3-576343757,S3-620986045,S2-281223389,S2-399270330,S3-151989258,S3-663182088,S3-305988869,S2-55045850,S3-595018787,S2-243017848,S2-416113240,S2-461752016,S3-197494556,S3-550287801,S3-661949742,S2-116397957,S2-600496218,S2-323293006,S3-479877655,S2-186409047,S2-246502035,S2-60320382,S3-143114803,S3-918003847,S2-234042428,S2-684771946,S2-959461320,S3-347905685,S3-458219568,S3-523977579,S3-768244673,S2-2688954,S2-945621609,S2-947685638,S3-702055414,S3-204314285,S3-541426667,S3-622841536,S3-169816270,S2-317093674,S3-888198740,S2-654974465,S2-888003565,S3-845913447,S2-338943756,S2-344843560,S2-510759098,S3-343311753,S3-683184473,S3-875670451,S2-286376305,S2-300963801,S2-375604379,S2-431048014,S2-492493162,S2-533574938,S2-771573724,S2-955035546,S2-984784069,S3-214885396,S3-268792491,S3-370952842,S3-390308939,S3-565114092,S3-583053567,S3-61756164,S3-652089332,S3-665894969,S3-683193830,S3-790126400,S3-952069093,S2-953061943,S2-960574103,S2-961598355,S3-101012325,S3-229399899,S3-358453281,S3-416912145,S3-780395,S3-930408476,S3-944484734,S2-553579176,S3-237140619,S3-583773771,S3-727855373,S3-907613909,S2-611414797,S3-46168272,S2-876007751,S2-981903113,S2-351581395,S2-447141545,S2-48766174,S2-491200961,S2-595488173,S2-693988579,S2-723763421,S2-817858775,S3-264405709,S3-275573765,S3-296352468,S3-468457413,S3-500349142,S3-820917334,S3-927401806,S2-30809066,S2-538670626,S3-582504551,S3-286857906,S3-849225749,S3-374923573,S3-856457532,S3-905464349,S2-156437500,S2-187234365,S2-322413503,S2-373538699,S2-580545425,S2-595917655,S2-651204060,S2-655953597,S2-806198333,S2-860208067,S2-991928210,S3-107769871,S3-180366492,S3-276580156,S3-322699738,S3-343705244,S3-56997634,S3-645971717,S3-79740332,S2-343089349,S2-176215838,S2-370824574,S2-443380993,S2-681908601,S2-905584375,S2-981154776,S3-123341600,S3-12917194,S2-480525877,S2-343706123,S2-251493979,S2-201270025,S2-33399715,S2-411091272,S2-442426265,S2-490287001,S2-62328008,S2-707733960,S2-742069014,S2-754780794,S2-883955526,S2-921776196,S2-926510529,S2-978784509,S3-528277099,S3-760966612,S3-791142882,S3-845747239,S3-927918175,S3-958599239,S2-6644456,S2-849040229,S2-941597753,S2-16335155,S2-567053101,S3-45479645,S3-455391958,S3-999042279,S2-959247283,S3-607358962,S3-247634382,S3-260110409,S3-347655507,S3-516892884,S3-934306076,S2-461914790,S2-745928059,S3-269039813,S2-787118352,S2-427391014,S3-69847657,S2-56307517,S2-736520472,S2-595479589,S3-450331975,S3-845671305,S2-13107039,S2-549920886,S3-502913486,S3-823984876,S3-286543126,S3-338040406,S3-375288429,S3-582790137,S3-589613044,S3-644109272,S3-647901480,S3-800639498,S3-855216816,S3-868508523,S3-871967810,S3-943425837,S3-76297899,S2-799195621,S2-916673742,S2-242067407,S2-277408363,S3-263889800,S3-958915060,S2-271107683,S2-527005677,S2-610491234,S3-318002039,S2-96187177,S3-771204605,S3-25234265,S3-5288908,S3-663409592,S3-347609572,S3-928048392
S1-293464900	S2-535626196,S2-309236,S2-667975452,S3-887452450,S3-671633979,S3-675681612,S3-898923142,S2-550134601,S2-252925433,S3-462142119,S3-106651860,S2-578040554,S2-215814867,S2-729796971,S3-416556044,S3-898916890,S3-993123814,S3-451590095,S3-131817263,S2-124165400,S2-124928397,S2-138156674,S2-450121861,S3-173839008,S3-496065996,S2-235519428,S3-314478194,S2-691154044,S3-251679131,S2-587975093,S3-367808501,S2-159552704,S2-174287091,S3-333855510,S3-592798240,S3-690794125,S2-218275228,S2-838845771,S2-963847200,S3-566965253,S3-139527412,S3-719445403,S2-563402958,S3-631978962,S2-63186534,S2-955540077,S3-297330191,S3-87444105,S3-379982248,S3-774906139,S2-190456023,S2-765137793,S3-40318350,S2-233064741,S2-500614974,S2-551511504,S2-556867207,S2-619900337,S2-755154359,S3-178103740,S3-348518346,S3-422669446,S3-461102796,S3-473319032,S3-713210905,S3-807641030,S2-850988489,S3-298955642,S3-56863474,S3-879952115,S3-981814086,S2-536897688,S3-771550852,S3-139366649,S2-813747816,S3-136883809,S3-4952645,S3-727330063,S3-665846365,S3-933325458,S3-7981763,S3-914890625,S2-974344056,S2-169654999,S2-241519165,S2-248339169,S2-359541709,S2-389820959,S2-412405151,S2-460198659,S2-666290341,S2-697428840,S2-718380035,S2-984784069,S2-998073163,S3-369433644,S3-44344315,S3-614317436,S3-770286702,S3-864559179,S2-282710146,S2-294496703,S2-486567321,S2-612985274,S2-916351842,S3-2003469,S3-425997889,S3-514332003,S3-566511150,S3-58939215,S3-647676151,S3-747838716,S3-903294841,S3-441341668,S3-295200544,S3-423754046,S3-5560719,S3-52430557,S3-391140578,S2-467529475,S2-954035937,S3-942208237,S2-543296179,S2-832202423,S3-703785047,S3-516258248,S3-372599781,S3-626642233,S2-747428268,S3-114145432,S3-206820312,S3-269352371,S3-275684197,S3-453083145,S3-49714912,S3-499537180,S3-70713551,S2-273576283,S3-507962806,S2-705119189,S2-253678935,S2-430477824,S2-550446124,S2-97716639,S3-190778100,S3-212435616,S3-481470256,S3-52683752,S3-730686992,S3-86168711,S3-577815022,S2-310850980,S2-42122908,S2-56372694,S2-727587807,S2-807397468,S2-8371763,S2-959329218,S3-801038816,S3-832582716,S3-92806113,S2-331642210,S3-185016302,S3-256872917,S3-374502898,S3-42061755,S3-792468221,S3-100948415,S3-112355365,S3-194989195,S3-327760108,S3-494991642,S3-798234739,S2-944138679,S2-133027288,S2-159319896,S2-167966079,S2-194143929,S2-19952497,S2-221540991,S2-224167901,S2-231151276,S2-250536508,S2-28163226,S2-290313042,S2-306866169,S2-320100772,S2-356676419,S2-365396830,S2-44713316,S2-498480151,S2-498672770,S2-518329126,S2-522524698,S2-530045251,S2-546740455,S2-594024633,S2-597923748,S2-628200291,S2-640399151,S2-649660476,S2-669252107,S2-68002820,S2-6995731,S2-763742793,S2-769315750,S2-780955432
S1-205155720	S3-98669305,S3-708447420,S3-188695302,S2-245375913,S2-100255779,S2-276258233,S3-118789362,S3-950195305,S3-186364135,S2-461756505,S2-743696726,S3-613918958,S2-301920070,S2-34190901,S2-815952077,S3-605101525,S2-470275800,S2-477720656,S2-490738301,S2-651753592,S2-658323896,S2-763096031,S2-866546469,S3-864003408,S3-852652256,S2-818772943,S2-708189477,S3-820127526,S2-13268268,S2-20470536,S2-321200886,S2-621048710,S2-642474675,S2-645997376,S2-773465227,S2-961640863,S3-254403818,S3-565475189,S3-935731556,S2-25330840,S2-556637733,S2-62057919,S2-65748554,S2-751682806,S2-821448379,S2-900459581,S3-204300421,S3-204494598,S3-251620800,S3-358286841,S3-42838740,S3-815905037,S3-979094523,S2-254981787,S3-44817000,S3-727093175,S3-923418305,S3-830297740,S3-549178962,S2-687690830,S3-245662719,S3-861603212,S3-444248888,S2-747428268,S2-2441891,S2-489018865,S3-552814087,S2-182016226,S2-445430645,S2-712417121,S2-793156538,S3-378813129,S3-395028372,S3-516258248,S3-576901927,S3-875924859,S2-521097065,S2-626905285,S2-662023803,S3-110281354,S3-161822055,S3-831935069,S2-97624058,S2-203061977,S2-954609035,S3-305926661,S3-606040844,S2-777540714,S2-676268475,S2-325579083,S2-650971154,S3-859534525,S2-701550542,S3-590719533,S2-189612268,S2-825780092,S2-837822863,S2-359512803,S2-748031169,S2-970873123,S3-326658667,S3-365531691,S3-438858573,S3-502499277,S3-64610973,S2-226051373,S3-321569315,S3-38017344,S2-91789334,S3-935979483,S2-171744868,S2-93210440,S2-531629118,S2-338376904,S2-895238068,S3-668866930,S3-983151142,S2-154755574,S2-203217838,S2-616575249,S2-740626767,S2-817573551,S2-837085920,S2-945123775,S3-570636426,S3-977967853,S3-989211344,S2-528198967,S2-806971914,S2-953221050,S3-140153994,S3-248234714,S3-714395162,S3-5378342,S3-387857287,S2-269446399,S2-282987248,S2-643205679,S2-683135731,S3-239216241,S2-771633453,S3-326197435,S3-535567255,S2-491504932,S2-496277580,S3-916017571,S3-8237121,S3-606431824,S2-769315750,S3-536952140,S3-380900113,S2-782800886,S2-84278216,S2-999735482,S3-126584397,S3-161809905,S3-270273563,S3-323270915,S3-400626257,S3-441852822,S3-496746809,S3-630260380,S3-697932963,S3-74877221,S3-771734363,S3-822851759,S2-205167405,S2-246575631,S2-462976811,S2-552418141,S2-565599000,S2-693524875,S2-738104000,S2-786773988,S2-886111152,S3-124414524,S3-130840020,S3-168988017,S3-295777122,S3-306842472,S3-487488463,S3-586295849,S3-934259007,S2-228926164,S2-381500960,S2-56611132,S2-750861461,S2-840263773,S2-853718926,S3-207750321,S3-503428163,S3-505186759,S3-534344818,S3-572311740,S3-719875937,S3-815324427,S2-103592650,S2-448894293,S2-602491269,S3-414101627,S3-651734479,S2-43464316,S3-285430204,S2-169007532,S2-196438634,S2-270872877,S2-500883411,S3-286684703,S3-345350769,S3-441655924,S3-647984344,S3-411398094,S2-597896659,S2-93314397,S3-628634378,S2-751009609,S2-874675643,S3-303428984,S3-832339646,S3-331823869,S2-162397352,S2-24700222,S2-470287907,S2-47384817,S2-655451027,S2-681901389,S2-733903083,S3-101012325,S3-240701015,S3-534167267,S3-696953922,S3-919136458,S3-954540836,S2-16834898,S2-170431464,S2-48002935,S2-616010587,S2-618920724,S2-860458255,S3-173410483,S3-358811650,S2-279611164,S2-63825672,S2-143977235,S2-90069219,S3-521949478,S2-280655108,S2-311439337,S2-323696437,S2-371018106,S2-68464002,S2-300149462,S3-309818724,S2-157427968,S3-774814183,S2-87017666,S3-381252589,S2-122455673,S2-343254460,S2-842165775,S3-647494476,S2-413825435,S2-763264758,S2-834919141,S3-18981893,S3-944117191,S3-573891477,S3-792278637,S2-557173751,S2-414122235,S2-636629672,S2-723632725,S2-746348181,S2-795561815,S2-810302485,S2-850055963,S2-861963335,S2-897275727,S3-154819824,S3-25632923,S3-427816583,S3-432990259,S3-441452914,S3-463981027,S3-496912046,S3-584337200,S3-654138199,S3-700904441,S3-732907609,S3-83507482,S3-848142791,S3-990233879,S2-529106130,S2-853736709,S2-992730209,S3-194973593,S3-327090678,S3-370298476,S3-401285584,S3-419517867,S3-507587308,S3-520353003,S3-534114949,S3-611304251,S3-638120198,S3-650613436,S3-659314346,S3-675362869,S3-776206476,S2-64258798,S2-944283028,S3-267940618,S3-300729713,S3-750506494,S3-798234739,S3-798273770,S3-834176576,S3-886425731,S2-350522803,S2-6750111,S2-734174042,S2-955457705,S3-39254427,S3-551895626,S3-870912221,S3-878442353,S3-587426159,S2-969797414,S3-198861162,S3-226751135,S3-288655165,S3-375574077,S3-394235024,S3-582520805,S3-686132112,S2-127067678,S2-16297656,S2-299616713,S2-562552105,S2-62202409,S2-854405874,S2-914071429,S2-924466049,S2-96777312,S3-162122403,S3-570638494,S3-574736307,S3-794534368,S2-946895256,S3-492355894,S3-969167292,S2-477351104,S3-293286259,S3-187283374,S3-615392095,S3-607934316,S3-496624766,S2-728923855,S2-788131749,S2-390581396,S2-743517766,S3-185456989,S3-619757010,S3-828428585,S2-741427358,S3-63091405,S2-312458689,S2-445874953,S2-483128621,S2-518799789,S2-534379507,S2-583510725,S2-685676258,S2-692919626,S2-710855464,S2-815761144,S2-957769531,S2-112609453,S2-124400256,S2-181319662,S2-183020251,S2-23632105,S2-240917743,S2-324171732,S2-339687023,S2-340071690,S2-365747337,S2-375288185,S2-419890476,S2-534994848,S2-559860160,S2-573574004,S2-691862321,S2-735637955,S2-770363451,S2-941367745,S3-167716428,S3-252578328,S3-332717729,S3-444752793,S3-496306143,S3-710276692
S1-983015718	S3-648913022,S2-162605669,S3-67596547,S2-500825285,S2-166179027,S2-202684274,S2-463366059,S2-317509604,S3-802100584,S2-563194300,S3-647353207,S2-381618636,S3-685064844,S3-122231349,S3-472497143,S2-99034356,S3-477372945,S3-86957174,S2-85875461,S3-719613648,S3-489635479,S2-766282392,S3-136804653,S3-506686693,S2-565504170,S3-757514489,S2-346726616,S2-130283477,S3-102570003,S3-891723501,S2-954849037,S3-538863253,S3-82373098,S3-703349239,S3-356375515,S2-484833144,S3-67484674,S3-486782906,S2-292262730,S2-679357987,S2-870028557,S3-641232885,S3-801756586,S2-556387902,S2-384878934,S3-896221291,S2-662370581,S3-331030403,S2-161606063,S2-797180263,S3-966943231,S3-312432963,S3-891638924,S2-10333907,S2-42469820,S2-411375992,S2-287688819,S3-235914672,S2-625295355,S2-947705097,S2-276055186,S2-868402308,S2-911542717,S2-713593069,S2-838239088,S2-346748113,S2-504159896,S2-959705674,S2-723183428,S3-754884266,S3-982112329,S2-605208779,S3-153342197,S3-446760726,S3-173163112,S2-503626455,S2-172757263,S3-651230505,S3-960588536,S2-38341239,S2-670933290,S2-341348452,S3-869448656,S2-417429718,S2-970604984,S3-939043773,S2-254116510,S2-131663233,S3-196094724,S2-899386221,S3-387213047,S2-427007215,S3-258476516,S3-265356026,S3-356714957,S3-964878797,S2-277811089,S3-841038687,S3-583147110,S2-722186128,S2-705179159,S3-387028018,S2-321125095,S3-77069632,S2-134179588,S2-35185091,S2-791668620,S3-983894680,S3-758555855,S2-554371439,S2-529153500,S3-279728307,S3-860276322,S3-909047436,S2-19282167,S2-650331347,S3-437838601,S3-795000811,S3-895088262,S3-975693147,S2-776013183,S3-116976908,S3-839668625,S2-201486080,S2-315697597,S2-537689204,S2-604885383,S2-641845616,S2-853424830,S3-261370453,S3-373430414,S3-410038822,S3-588742248,S2-469363905,S3-326246337,S3-639069946,S3-838312486,S3-460431002,S2-649912395,S2-497761227,S2-827385757,S3-124277348,S2-875042504,S3-814997267,S3-858241284,S3-250843132,S3-971490736,S2-532248084,S2-357952694,S2-447942094,S2-954595993,S3-667618566,S2-238202145,S2-923704512,S2-863621354,S3-298438400,S3-731585314,S2-528603811,S2-700547260,S2-490673177,S2-11582268,S3-718225300,S3-911475721,S3-79872905,S3-45680398,S2-334526475,S2-410430895,S2-612224170,S2-615248066,S2-854080896,S2-89313353,S2-903262898,S3-23360255,S3-549577041,S3-579579373,S3-595033844,S3-602321597,S3-615764512,S3-757493451,S3-932543150,S3-965607782,S2-25423668,S3-512701803,S3-864385269,S3-723951671,S2-421422730,S3-800690752,S3-150435251,S3-545052559,S3-31040639,S2-791007247,S3-335146672,S2-986767910,S3-320956094,S2-465358481,S2-859980501,S3-181500205,S2-630987829,S2-720805548,S2-892413259,S2-144098902,S3-749156021,S3-734946617,S2-183838816,S2-554649678,S2-602179110,S2-752195347,S3-279934297,S2-331930629,S2-800969510,S2-414955239,S2-868537372,S3-80330078,S2-204853065,S2-39677261,S2-596838241,S2-707158121,S3-178576924,S3-23229784,S3-372982897,S3-421806348,S3-425550674,S3-458962292,S3-503304225,S3-513906858,S3-550074632,S3-836188734,S3-968669452,S3-981242347,S3-988935639,S2-609056339,S2-977875814,S3-172173021,S3-310030184,S3-52867325,S3-70723090,S3-736660248,S2-857621873,S3-72483809,S3-953200621,S3-994959496,S2-826969238,S3-668543525,S3-875043972,S2-804075602,S3-158262466,S2-850567836,S3-220632642,S3-608655604,S2-986765506,S3-555306205,S3-641531976,S3-601748393,S3-983291044,S2-963062913,S3-292233530,S3-922947973,S2-39416192,S3-703443269,S2-128267930,S2-538177108,S2-838243921,S3-17569622,S3-205241950,S3-23915976,S3-242229310,S3-339400947,S3-4531047,S3-733706867,S3-873125180,S3-886986456,S2-740363572,S2-987770487,S2-292222263,S2-834233796,S2-980680841,S2-125318036,S2-975912292,S3-113181607,S3-122361752,S3-321374613,S2-920692768,S2-546975770,S2-577318402,S2-621276530,S2-141056915,S2-184742172,S2-389709218,S2-503749507,S2-941345165,S2-221328721,S2-365958689,S2-470228864,S2-136871543,S3-8151938,S2-956054812,S2-336337875,S2-431222432,S2-906904454,S2-96154096,S2-303348782,S2-661592989,S2-962723061,S3-248147626,S3-809668980,S3-102515854,S2-646113690,S3-561333564,S3-345416656,S2-908514557,S3-649305578,S3-916166935,S3-983854206,S3-297375362,S3-810086083,S2-652312887,S3-253142186,S3-982203093,S2-54842306,S2-792176867,S2-226534012,S2-279510552,S2-356338323,S2-416895310,S2-832496688,S2-884433695,S3-659423366,S2-350997055,S2-453068359,S2-8163992,S2-130520794,S2-173364444,S2-69333499,S2-857494886,S3-478064835,S2-341416593,S2-979227091,S2-168013124,S2-77399019,S2-101152288,S2-737181460,S2-687955594,S2-537174639,S2-95066426,S2-313228831,S2-612317155,S2-940926981,S2-50597646,S2-65673354,S2-878798892,S2-810986213,S2-3666147,S2-467915643,S2-800183949,S2-923890559,S3-332055162,S2-995051004,S3-118228303,S2-52449236,S2-695585905,S2-968678760,S2-786206747,S2-982713811,S3-262539876,S2-842342846,S2-13475883,S2-322648808,S2-490932056,S3-335540203,S2-444408426,S3-866297576,S3-929743216,S3-787055836,S3-679244721,S3-90595906,S2-539794466,S3-105925884,S3-113338368,S3-21122440,S3-846010067,S3-995994871,S3-25648868,S2-505049126,S3-577668515,S3-849691985,S3-290509289,S3-978180892,S3-158111952,S2-740140243,S3-480751182,S2-429725911,S3-235832066,S3-16467779,S3-250554169,S3-432271472,S3-531388847,S3-583958422,S2-748571916,S3-751407004,S2-220136446,S2-467990755,S2-153950837,S3-397066895,S3-406832799,S3-97741735,S3-792003394,S2-198208453,S2-365641240,S2-425030208,S2-656591825,S3-814481845,S2-313918156,S2-390795453,S2-99835075,S3-347127509,S2-209094848,S3-298742749,S2-414120731,S3-491721840,S3-603249158,S3-942556150,S3-785151656,S3-227435113,S3-165656193,S2-23725627,S2-651885139,S3-397666194,S3-45860830,S3-802941155,S2-576086710,S2-587378643,S2-880117313,S2-981126643,S3-643265522,S3-347847939,S3-490123736,S3-754660164,S3-787314704,S2-836718804,S2-996535652,S2-441222124,S2-11039945,S2-710651131,S3-691170905,S3-472139139,S3-473318951,S2-651020632,S3-961648582,S2-487709570,S3-408560707,S3-423834744
S1-429752699	S3-922247246,S2-728070425,S3-156786878,S2-956668883,S2-836557758,S3-249126375,S3-734174583,S3-555433042,S3-835071921,S3-820875181,S3-904692443,S2-733845278,S2-913936191,S3-520237580,S3-518711192,S3-329844294,S3-915641450,S3-501745763,S3-65088099,S3-739445298,S2-526052127,S2-275131093,S2-279611164,S2-532416008,S2-900929220,S2-934305669,S2-989446725,S2-201577778,S3-161809905,S3-242386516,S3-491334894,S3-825103738,S3-130420885,S3-827985633,S3-445471893,S3-968140134,S2-395448941,S2-229898915,S2-780681749,S2-785398887,S3-757329643,S3-235018566,S2-536833436,S3-988130117,S2-743302731,S2-319918653,S3-61182023,S3-566714379,S3-165612409,S2-104143734,S2-206322686,S2-371176413,S2-683100632,S2-727563960,S2-807673552,S3-147877457,S3-435513233,S3-191863242,S2-182277818,S2-232503922,S2-876015292,S2-332050113,S3-355524728,S3-305988869,S2-103386956,S2-330460933,S2-331568323,S2-371990710,S2-372103015,S2-412298302,S2-455585708,S2-539822068,S2-64542717,S2-694073164,S2-826849321,S3-11611209,S3-126246867,S3-142321244,S3-199532065,S3-25234265,S3-260403407,S3-262040004,S3-297297532,S3-36078400,S3-384498884,S3-520968908,S3-736759933,S3-747806319,S3-795519041,S3-812170896,S3-910441504,S3-950670209,S2-122135213,S2-115378733,S3-192218663,S3-358595287,S2-489278096,S2-748915287,S3-196438614,S3-261918552,S3-573587887,S2-866871352,S3-616243854,S3-893764941,S2-892805034,S3-197768499,S2-220034275,S2-272340873,S2-347576106,S2-440531734,S2-522524698,S2-565413092,S2-656612952,S2-664209963,S2-682477544,S2-712065025,S2-721176612,S2-75625992,S2-873466055,S3-121881114,S3-22086561,S3-325175582,S3-354827467,S3-423264954,S3-453114238,S3-531819889,S3-557322426,S3-603452666,S3-603465766,S2-535626196,S3-739905710,S3-880917477,S2-413403332,S3-976574800,S3-910454555,S2-115717936,S3-410190270,S2-372075237,S2-674437457,S3-117267943,S3-864003408,S3-437160543,S2-174643905,S2-785052923,S2-245224252,S2-397103484,S2-879656351,S2-904106597,S2-932816275,S3-986295812,S2-349548940,S2-93365457,S3-835528141,S2-136280405,S3-842276885,S2-899431824,S2-212148823,S2-569833177,S2-976569843,S2-165098910,S2-197548885,S2-305088840,S2-360054335,S2-368274457,S2-435899401,S2-512132317,S2-697428840,S2-712774252,S2-735851869,S2-825324307,S2-883299788,S2-954420104,S3-173032627,S3-225642433,S3-619468049,S3-888703251,S3-98790907,S2-503617657,S2-411728971,S2-68481003,S2-924808748,S3-795987186,S2-936756144,S2-477163699,S3-495372696,S2-192553558,S3-390828375,S3-933325458,S3-853083290,S2-429293042,S2-407892370,S3-574505523,S2-325579083,S2-47120072,S2-873991527,S2-90790535,S2-94305598,S2-963385732,S3-149814776,S3-610797322,S3-681387524,S3-851536771,S3-859534525,S2-185910603,S3-853992581,S2-249197376,S2-417380517,S2-879827811,S3-155536758,S3-180462724,S3-2535644,S3-352028932,S3-435442521,S3-636260212,S3-726968704,S3-758023334,S3-77207813,S3-822851759,S3-829989714,S3-838428392,S3-888572112,S3-8924944,S3-912107018,S3-926261301,S2-199541702,S2-705279315,S3-405235777,S3-585281327,S3-694243096,S3-912919437,S3-985961085,S3-47117632,S3-69534789,S3-96080070,S2-100301685,S2-104801757,S3-710470282,S3-976960968,S2-273826621,S3-805781607,S2-278223516,S2-383989749,S2-38621498,S2-429874284,S2-475596768,S2-529418720,S2-616666503,S2-650971154,S2-661362152,S3-293751355,S3-535204320,S3-607105757,S3-690949107,S3-868511508,S3-849149219,S2-479189322,S2-699873305,S3-383133032,S3-471214474,S3-647004061,S3-665786978,S3-876552649,S3-973674198,S2-908892607,S3-341739780,S3-729489527,S2-608444516,S2-835424048,S2-955213232,S3-489150490,S3-438734379,S3-999457646,S2-471473845,S3-871689157,S2-748652392,S2-212031732,S2-577909087,S2-594797411,S2-997686927,S3-139992415,S3-771550852,S3-955817441,S2-19365447,S2-352508057,S2-104168698,S2-115309284,S2-138611083,S2-162430070,S2-175963213,S2-176696712,S2-180843571,S2-204499749,S2-216748986,S2-223878662,S2-238914244,S2-241515084,S2-245211702,S2-247833668,S2-264056522,S2-276048976,S2-27706219,S2-277408363,S2-317898441,S2-319193730,S2-328687486,S2-328902502,S2-46149709,S2-466233720,S2-467623929,S2-468042289
S1-42387942	S2-115562361,S3-592734630,S3-394726661,S3-789165391,S2-681569962,S3-942804847,S2-52905619,S3-550761502,S3-374649759,S3-661845888,S2-596900872,S3-398302604,S3-970972267,S2-390795453,S3-868501638,S3-907074716,S2-528727402,S3-972603520,S2-462428761,S3-149539741,S3-26910712,S3-472858933,S3-71473336,S3-762712560,S3-172669637,S3-312339721,S3-492908086,S2-323237782,S2-579190066,S3-581689819,S2-36375334,S2-888790030,S3-429861641,S3-911029482,S3-434890044,S3-535236787,S2-219114513,S3-24794887,S3-593978243,S2-379336967,S2-499203126,S2-720412932,S2-842342846,S2-712277935,S3-158368249,S3-22011821,S3-838725082,S3-301626523,S3-979794914,S2-587194391,S3-790983010,S2-619027604,S2-643184914,S3-601493484,S2-417433497,S2-709394761,S2-113779974,S2-134525207,S3-334834880,S3-607200030,S3-644027330,S3-738304131,S2-666936083,S3-175143924,S3-125661009,S3-927071456,S2-238705083,S2-438353616,S3-970529545,S2-141056915,S2-18824418,S2-642852464,S3-283442869,S3-852655799,S2-207719048,S2-362398080,S2-775082198,S2-791586785,S2-403094391,S2-701210290,S2-708794461,S2-804259075,S2-157855149,S2-344291839,S2-20921384,S2-405424744,S2-620576438,S2-624442235,S2-228578980,S2-508055025,S2-702803711,S3-710502274,S2-594329924,S2-615922349,S2-599097726,S2-717820431,S2-970368862,S2-341652977,S3-460431002,S2-248925245,S2-679387320,S2-722947143,S2-939854993,S2-924002667,S2-183564048,S2-801575611,S2-979562157,S2-934955885,S2-377425064,S2-812428136,S2-440892226,S2-996505161,S2-721701535,S2-312708699,S2-279979228,S3-747639965,S2-29241194,S2-212272184,S2-48523349,S2-593823056,S2-664925321,S2-914527301,S2-958299549,S2-186239819,S2-24202859,S2-28599777,S2-309317106,S2-365332394,S2-653080548,S2-69656810,S2-849534670,S2-878035018,S2-900201002,S2-157421274,S2-1103185,S2-173835326,S2-294896334,S2-29831108,S2-485754963,S2-519537378,S2-788726439,S2-326339616,S2-337627877,S2-414377825,S2-425702651,S2-555364989,S2-86794183,S2-878208028,S2-893196832,S2-231694585,S2-147828656,S2-283690131,S2-699039876,S3-130702503,S3-563999945,S3-656704536,S2-359171505,S2-558690420,S2-627162055,S2-217366810,S2-676996379,S2-857350674,S2-287909939,S2-720033427,S3-523199169,S2-856782320,S2-380920054,S2-210201015,S2-253814603,S2-292361484,S2-339692911,S2-384181199,S2-410430895,S2-454624988,S2-531584817,S2-582530895,S2-596078250,S2-652548229,S2-693110087,S2-815651310,S2-818800912,S2-841153947,S2-850567836,S2-879701121,S2-955399531,S2-983272971,S3-173916911,S3-339400947,S3-37525194,S3-445180094,S3-591537231,S3-595986313,S3-616661991,S3-681115095,S3-702558693,S3-740824883,S3-753716574,S3-756504913,S3-774698263,S3-889511309,S3-893277319,S3-941061319,S3-999581255,S3-864559419,S3-141399024,S3-614332293,S3-742067397,S3-817216088,S3-979918207,S3-323056929,S3-795042593,S3-859245470,S3-578704074,S3-854639205,S3-924806419,S3-237366491,S3-31144981,S3-904166333,S3-927558788,S3-145073510,S3-455870949,S3-741740083,S3-230332004,S3-444700233,S2-569953798,S3-84781659,S3-763496911,S2-560667201,S3-531467214,S2-674945578,S3-92876520,S2-156061501,S2-161694391,S2-181684681,S2-202424908,S2-210701798,S2-267032392,S2-281892766,S2-354968519,S2-252814438,S2-396613355,S2-813117102,S3-369051804,S3-550610123,S3-843088497,S3-931340632,S2-826140950,S2-948137694,S3-471963671,S3-483973917,S2-222363331,S2-612932172,S2-69235349,S2-73206733,S3-380681150,S2-367798413,S2-63142260,S2-801967790,S2-912104684,S2-950170951,S2-994277526,S3-306688949,S3-317526730,S3-493976723,S3-838068445,S3-964515193,S2-686520987,S3-842167634,S2-172645141,S2-178358985,S3-168263775,S3-373141303,S2-355088879,S2-362224244,S2-786711064,S3-56662455,S2-449163083,S2-521088123,S2-996846571,S2-920011128,S2-780248137,S2-746680752,S3-271889721,S2-805353991,S2-926682826,S3-188511438,S3-536482631,S3-731464380,S3-893800966,S2-87593190,S3-449708202,S3-762174682,S2-403177948,S3-917275469,S3-154050215,S3-334073690,S2-899899974,S2-595574210,S2-846562625,S2-947881698,S2-9668611,S3-47686751,S2-297056275,S2-766041564,S2-950356691,S3-258476516,S2-248331493,S2-333405212,S2-345376012,S2-499162305,S2-516211844,S2-601763671,S2-832520932,S2-913153250,S3-561739759,S3-951862533,S2-126642568,S2-138455857,S2-154306256,S2-210811880,S2-311158746,S2-388878166,S2-392865071,S2-415971365,S2-538932556,S2-617187086,S2-734194728,S2-771079624,S2-842966928,S2-865757683,S2-883631954,S3-185262567,S3-228695789,S3-645561459,S3-999407612,S2-308637732,S2-353185029,S2-365641240,S2-543202300,S2-599171784,S2-93858800
S1-361053466	S3-954348045,S2-113609927,S3-747855895,S2-483314780,S2-459531432,S3-759116134,S2-419460675,S3-855144775,S3-444227272,S2-134403166,S2-660625181,S2-121545035,S2-222389211,S2-375851933,S2-457719699,S2-945921848,S3-150801870,S3-930080967,S3-806677395,S3-635877730,S3-476926978,S3-237665829,S3-37424083,S3-43193399,S3-732279287,S3-811024312,S2-326473011,S2-829953897,S2-474213655,S2-527005677,S3-902300845,S3-286229097,S3-907321777,S3-584141401,S2-543390793,S2-801086073,S3-146334004,S3-202756110,S3-230336098,S3-388344267,S3-812021912,S3-907488345,S3-875481423,S3-656924242,S2-249296501,S2-290045553,S3-454952343,S3-44344315,S2-831455534,S3-912642056,S2-243264734,S2-282710146,S2-357622431,S2-443379959,S2-468042289,S2-517088171,S2-685213879,S2-690890107,S2-721529879,S2-726113352,S2-847874978,S2-97766533,S3-255708991,S3-314478194,S3-409726230,S3-421503011,S3-587225809,S3-665846365,S3-921925828,S3-949664873,S2-833418810,S2-598704428,S2-841587051,S2-974810461,S2-917689733,S3-953343124,S2-803401756,S3-92471493,S3-699549289,S2-225891148,S2-253678935,S2-328547865,S2-425929260,S2-46615731,S2-551277156,S2-575664368,S2-583565757,S2-613242449,S2-726887863,S2-973489491,S3-331085940,S3-414067339,S3-767710626,S3-777746955,S3-792285441,S3-961081271,S2-705935429,S2-950311360,S2-76867970,S2-991297451,S3-974848515,S2-152195064,S2-52287141,S2-602574396,S2-100651624,S2-807397468,S2-147237168,S2-181338415,S2-194143929,S2-231151276,S2-327999885,S2-333705841,S2-437212140,S2-456246243,S2-473433407,S2-519245587,S2-535457669,S2-536833436,S2-769583041,S2-250735977,S3-257221522,S3-689491088
S1-823995445	S3-820324710,S2-286535254,S3-322616065,S3-314812292,S2-195160490,S3-48069103,S3-775774792,S3-79694187,S3-541863063,S2-993940084,S2-995385017,S3-316387320,S2-791555602,S2-301723989,S2-517854128,S3-408443327,S3-185899925,S3-456552027,S2-502139470,S3-114550977,S3-40720610,S3-801524088,S2-302800661,S3-336438228,S3-958083851,S3-178346336,S2-350216792,S2-380049411,S2-719691378,S2-895720098,S2-917258663,S3-464760901,S3-652162187,S3-824542043,S3-360934218,S2-720814670,S3-324102267,S2-921577393,S2-413358437,S2-433240873,S2-542148399,S2-599228733,S2-627745223,S2-945420948,S3-188300861,S3-394538871,S3-599626827,S3-65997464,S3-954671216,S2-29350770,S2-510966715,S2-407891635,S2-226537032,S2-281561913,S3-324009787,S2-506470456,S2-509112,S2-539562072,S2-865517505,S2-891865591,S2-902809945,S3-255397026,S3-289967206,S3-290090148,S3-362546823,S3-611608508,S3-697259947,S3-736318241,S3-773585065,S3-992225374,S3-992383159,S3-336581886,S2-92602224,S2-99540831,S2-161576465,S3-917620776,S2-521155236,S3-821835607,S3-839925970,S2-765018838,S3-611007530,S2-290296681,S2-417874841,S2-495089561,S2-566952691,S2-702831721,S2-786175576,S2-845858894,S2-892720015,S2-912549584,S3-132343126,S3-248265215,S3-435954210,S3-555574067,S3-581415988,S3-632899088,S3-71472022,S3-751064516,S3-889688127,S3-897732149,S3-924998666,S3-952597535,S3-979775570,S2-514937313,S3-170391736,S2-84668507,S3-799813092,S3-262860021,S2-101159952,S2-108720863,S2-372103015,S2-473785851,S2-489027248,S2-539822068,S2-74003616,S2-783440689,S2-958130955,S2-309256260,S2-543080582,S2-605987947,S2-520944976,S2-692449347,S2-154673835,S2-301072730,S2-416232512,S2-402592938,S2-116562914,S2-141765475,S2-179530554,S2-19243092,S2-192813292,S2-201795723,S2-207962777,S2-232453799,S2-241876000,S2-243080400,S2-290045553,S2-302665039,S2-350040264,S2-375257570,S2-385008826,S2-404777769,S2-533905820,S2-534144248,S2-559410522,S2-616925303,S2-619334259,S2-689219163,S2-721484901,S2-75911247,S2-796523425,S2-831881083,S2-862872069,S2-866677820,S2-875502697,S2-935907694,S3-260403407,S3-269476225,S3-670624426,S2-29138702,S2-360575285,S3-160519949,S3-795519041,S2-115740081,S2-262004058,S2-277916938,S2-326473011,S2-377129320,S2-377323643,S2-382336795,S2-418205471,S2-508483820,S2-545437420,S2-574463916,S2-739075715,S2-902750523,S2-912913950,S3-161091575,S3-161498960,S3-441852822,S3-443242131,S3-472043666,S3-858434633,S2-161408341,S2-352920176,S2-385636346,S2-387426206,S2-663035314,S2-87777411,S2-934902705,S2-993144211,S3-816192438,S3-991951647,S2-929449011,S3-142321244,S2-699954902,S3-515599128,S3-129723789,S3-130961971,S3-40813115,S3-688859344,S3-151943372,S3-170989487,S3-228114227,S3-240741951,S3-277357095,S3-284997191,S3-286533473,S3-308806122,S3-309305064,S3-315055934,S3-336324017,S3-388344267,S3-399056962,S3-404036336,S3-419642693,S3-434040007,S3-43841530,S3-499008451,S3-507302009,S3-523729333,S3-565137765,S3-58154746,S3-586427333,S3-639444916,S3-643604152,S3-65116955,S3-664272499,S3-678533355,S3-720307937,S3-74102885,S3-753829908,S3-812959381,S3-820303821,S3-85291248,S3-867326327,S3-884822703,S3-914890625,S3-922285833,S3-984565140,S3-992787622,S2-216552751,S3-129010811,S3-418830958,S3-474573272,S3-495281895,S3-498918584,S3-504000051,S3-545113388,S3-611619050,S3-654561809,S3-716545774,S3-921685029,S3-978514017,S3-520469791,S3-683618754,S3-822796441,S3-824025264,S2-131847608,S2-642609819,S2-133283939,S2-725855988,S3-121331088,S3-646777463,S3-84958680,S3-268903644,S3-825103738,S3-950812818,S2-81834730,S2-894552214,S2-538649115,S2-828094304,S2-527739125,S3-83322124,S3-230232464,S3-116477964,S3-228693101,S3-240385515,S3-254446484,S3-339515363,S3-443950816,S3-542675089,S3-628558982,S3-713061431,S3-821772878,S3-996005917,S2-964871797,S3-106583383,S3-406075271,S3-467575343,S3-378192234
S1-491963037	S2-505185080,S3-638106193,S3-601498011,S2-325735746,S3-445017815,S2-629514913,S3-404529878,S3-654140365,S3-806276250,S2-554154635,S2-626905285,S2-998574711,S3-107247283,S2-291425449,S3-852529546,S3-343106328,S3-326483874,S3-345556941,S2-378788273,S2-394006092,S2-616351684,S2-627810240,S2-671867817,S2-759969450,S2-813206750,S2-907447415,S3-216368510,S3-312804944,S3-526275193,S3-542293276,S3-581415988,S3-832991938,S3-841847963,S2-517395032,S2-68682632,S3-176533714,S3-41274554,S2-841284121,S3-222338578,S2-349500876,S3-544622965,S2-711279713,S2-482719769,S2-506628647,S2-763172097,S2-230876779,S2-472532247,S2-628568775,S2-710855464,S2-86118497,S2-954035937,S2-986908292,S3-145548798,S2-486993688,S2-58646482,S2-587949551,S2-695897619,S2-767511124,S2-772922063,S2-779269200,S2-806044358,S2-904359897,S3-130257626,S3-475940244,S3-562536746,S3-623721763,S3-771472353,S3-784346676,S3-902824867,S3-997442176,S2-321417357,S2-622369653,S3-207959966,S3-377768228,S3-115823732,S3-488966047,S2-237381259,S3-486369847,S2-870330758,S2-899791066,S2-206965389,S3-679935192,S2-211113346,S2-20408536,S3-67096281,S2-203017810,S2-72748507,S3-356799345,S2-180079668,S2-275721009,S2-439206901,S2-457730209,S2-697539042,S3-142865454,S3-462278475,S3-583446466,S3-592015760,S2-291896376,S2-987971805,S3-672889728,S2-130993128,S2-150776980,S2-906877206,S3-728415478,S3-935405177,S3-605254149,S3-753345620,S3-764936567,S2-109907623,S2-174479797,S2-209227875,S2-40224497,S2-456877430,S2-590132217,S2-599010878,S2-65290927,S2-689242773,S2-689543488,S2-724999474,S2-779012552,S2-81727455,S2-864678417,S2-868975352,S2-969685306,S2-985171609,S3-107814405,S3-145390172,S3-194559815,S3-237425427,S3-252212308,S3-254477293,S3-398936561,S3-410667784,S3-454501380,S3-477326891,S3-486961254,S3-567293712,S3-599508555,S3-649127858,S3-677422072,S3-722309796,S3-736333698,S3-740070959,S3-748859777,S3-765102124,S3-768886574,S3-812021912,S3-856437925,S3-856457532,S3-977917700,S3-22589623,S2-147693422,S2-435413997,S2-81834730,S2-381435251,S3-463012884,S3-804177070,S2-709566349,S2-273037636,S3-377105374,S2-725077990,S3-61673675,S2-963081315,S3-141443937,S3-206458590,S2-142967036,S2-203139080,S2-805373505,S2-588597694,S2-825600506,S3-133662697,S3-204956556,S3-377588266,S3-795224882,S2-168990569,S2-191816179,S2-234314455,S2-334655078,S2-403450953,S2-439726078,S2-480210678,S2-554844900,S2-555959992,S2-633391453,S2-635808588,S2-646706721,S2-666101301,S2-762454326,S2-811674680,S2-8190926,S2-859965879,S2-876120529,S2-93774775,S2-944825933,S2-966214679,S2-98953033,S3-152020460,S3-177804936,S3-281403680,S3-331825918,S3-612009290,S3-652917773,S3-698981074,S3-709485862,S3-827875712,S3-831500608,S3-901211452,S2-189684323,S2-229177342,S2-691572888,S2-701718747,S2-832909584,S2-846288174,S2-98732048,S3-139702853,S3-190648541,S3-207229246,S3-207798568,S3-227056248,S3-233279324,S3-312264106,S3-319206170,S3-339526490,S3-353342135,S3-420329243,S3-463015357,S3-485477578,S3-486531187,S3-506262223,S3-548580055,S3-637721473,S3-707407301,S3-737246000,S3-800391390,S3-919440042,S3-958521658,S2-392325341,S2-631375853,S2-959180514,S3-192159108,S3-343436847,S3-392999078,S3-871052211,S2-341992517,S3-116474089,S3-249087521,S3-293842966,S3-413689382,S3-803704780,S3-8067658,S3-201310087,S2-487851685,S2-279268114,S2-44713316,S2-532969610,S2-783001391,S2-893208752,S2-908477365,S2-999133707,S3-415977209,S3-560997486,S3-728262600,S3-858538915,S3-980452390,S2-104165698,S2-147006138,S2-155926061,S2-157211089,S2-179794215,S2-186660909,S2-192867716,S2-196465463,S2-206571203,S2-216748986,S2-221540991,S2-23654760,S2-24257404,S2-253850029,S2-286417977,S2-304974811,S2-403798806,S2-421301205,S2-434597075,S2-468047715,S2-504103518,S2-504985752,S2-584675071,S2-629843465,S2-689157292,S2-700629418,S2-723511231,S2-725698867,S2-77362595,S2-83995928,S2-869856182,S2-88840763,S2-929119522,S2-952905437,S2-991170355,S3-114439991,S3-269243254,S3-273871440,S3-286543126,S3-313365226,S3-332722227,S3-335368656,S3-364579169,S3-387537947,S3-389417425,S3-521457604,S3-635877730,S3-659459802,S3-666538620,S3-685517832,S3-761373366,S3-803113651,S3-967915848,S2-146144106,S2-16335155,S2-169007532,S2-191417088,S2-244283246,S2-320683320,S2-389352015,S2-426698134,S2-517088171,S2-550747629,S2-680316374,S2-911438683,S2-943239914,S3-118789362,S3-133621705,S3-136176058,S3-255822664,S3-359983462,S3-36224725,S3-372354034,S3-394455002,S2-533150197
S1-334655819	S3-269817583,S3-461473568,S3-434339397,S3-33432801,S2-350423004,S2-748617640,S2-224391250,S3-342980337,S2-118955682,S2-85873245,S2-961969205,S3-375255943,S2-313313183,S3-81050429,S2-543764822,S2-428246908,S2-235979056,S3-337972315,S3-883818834,S3-649127858,S3-943453343,S3-204641924,S3-283685188,S3-504885806,S3-723495975,S2-713022919,S3-539602405,S3-706206085,S2-354839891,S3-348128124,S3-569389132,S3-610472858,S2-157211089,S2-363773225,S3-23727170,S2-693882161,S2-722019724,S2-784511006,S2-9011019,S3-179748788,S3-212171997,S3-745579006,S2-391902436,S2-572593839,S2-975236800,S3-91727516,S2-19541396,S3-301216478,S3-721658958,S3-732743122,S3-629106785,S2-547996958,S2-417387666,S2-49345400,S2-621309076,S2-849040229,S3-225642433,S3-237665829,S3-434592770,S3-44837790,S3-57920598,S3-611710547,S3-775188564,S3-790158705,S3-815170590,S3-848438656,S3-904074551,S2-150110038,S2-36616095,S2-414594711,S2-438257609,S2-442125626,S2-567869992,S2-568042615,S2-577214220,S2-6697250,S2-712586646,S2-790533971,S2-845568746,S2-855667623,S2-925323296,S3-147668966,S3-489944436,S3-540681665,S3-581338439,S3-617246526,S3-639713857,S3-671796913,S3-728128399,S3-75240326,S3-809621280,S2-459344043,S2-479957407,S2-627402241,S2-870160521,S2-912258745,S3-125688401,S3-156763265,S3-204665974,S2-663815791,S2-869175911,S3-32561275,S3-539523554,S2-389352015,S3-760165011,S2-386363701,S3-324580509,S3-78342061,S2-566979072,S3-134899056,S3-216929150,S3-24258666,S3-501719250,S3-908232803,S2-970873123,S3-738059610,S2-539955877,S2-689341642,S2-24257404,S2-719874793,S2-761890358,S2-87017666,S2-97373224,S3-526199542,S3-689626519,S3-709776645,S3-873933045,S3-979407240,S2-68397989,S2-791099826,S2-954306841,S3-324108572,S2-11121164,S2-182543236,S2-343926000,S2-377129320,S2-467048263,S2-491510508,S2-502139470,S2-553879012,S2-588223392,S2-67701000,S2-689021897,S2-740630278,S2-761323706,S3-15228782,S3-197253722,S3-225797493,S3-284997191,S3-290090148,S3-321190135,S3-35037742,S3-362095470,S3-414052859,S3-449571371,S3-456768137,S3-468457413,S3-658301626,S3-735107556,S3-737381447,S3-752870631,S3-942618036,S3-97071708,S3-984741718,S2-515102247,S2-972032707,S3-392758375,S3-672469301,S2-300354751,S2-833460050,S2-138451275,S3-951383952,S2-63490493,S2-295147,S2-776412285,S2-452229921,S2-595488173,S3-188511438,S3-927045184,S3-976960968,S3-146263899,S3-720176260,S2-293232389,S3-734174583,S2-125872251,S2-56969070,S3-681387524,S2-129546298,S2-199350989,S2-341320351,S2-371030991,S2-416685807,S2-418301136,S2-483316213,S2-579995268,S2-70070619,S2-764911221,S2-773358542,S2-819702312,S2-825217425,S2-879829599,S3-170322769,S3-439788292,S3-494336756,S3-589224134,S3-595306634,S3-795224882,S3-800891188,S2-168717514,S2-216748986,S2-222397520,S2-23145221,S2-239471581,S2-242219683,S2-661293842,S2-764792703,S2-883563368,S2-938938602,S3-405626778,S3-489182691,S3-521457604,S3-560282757,S3-736912190,S3-74000110,S3-967915848,S3-98294012,S2-169948247,S2-171285496,S2-32140577,S2-360293045,S2-419941196,S2-646066164,S2-827755537,S2-887697767,S2-905184282,S3-151304831,S3-182982462,S3-213553114,S3-297186622,S3-3935316,S3-411843385,S3-498789314,S3-537743601,S3-608389872,S3-669205697,S3-871345737,S3-947132551,S3-973602038,S2-181457865,S2-214888619,S2-493798977,S2-635536311,S2-77173590,S2-887439281,S3-177318397,S3-443782112,S3-478423561,S3-592536749,S3-789714562,S2-547208449,S2-559090383,S3-122192116,S3-350631047,S3-907769211,S3-4183120,S3-42273495,S2-416038767,S2-104308013,S2-481402013,S2-520726584,S2-796989512,S3-748927404,S2-619254005
S1-75766176	S3-54812403,S3-138149718,S3-857619490,S3-764442734,S2-832182494,S2-20153331,S3-679936260,S2-638925819,S2-582072249,S2-643603067,S3-56034030,S2-282083151,S2-16297656,S2-486638492,S2-504233328,S2-594207641,S2-940660947,S3-293286259,S3-625102804,S2-320477931,S2-363375255,S2-761466359,S2-889478153,S3-345252548,S3-405515292,S3-469072650,S3-553490186,S3-616700514,S3-74877221,S3-814516101,S3-913416998,S2-543412878,S3-398957255,S2-868556425,S2-172112954,S2-619648343,S3-74934149,S3-962685623,S3-990233879,S2-544675895,S3-675201320,S2-161048986,S2-3398972,S2-464830455,S2-538741359,S2-566862652,S3-820127526,S3-994522882,S2-318539672,S2-450454556,S2-643757239,S2-759915193,S2-900757296,S3-37007819,S3-439235732,S3-296094838,S2-162726956,S2-185435262,S2-308810535,S2-357704687,S2-534361542,S2-585677223,S2-786807368,S2-832443047,S3-285281298,S3-414036440,S3-542062005,S3-848741301,S2-759610398,S2-761323706,S2-988919054,S3-329169563,S3-529841787,S3-735120949,S3-788547741,S3-849225749,S2-600829017,S2-952684610,S2-989001817,S3-120159825,S3-707594091,S3-81961062,S2-953351493,S3-227460636,S2-451734059,S3-193097211,S2-143450706,S3-910411345,S2-297426756,S2-355181074,S2-873991527,S2-509734048,S3-988130117,S2-440531734,S2-110476552,S2-206823949,S2-707632414,S2-736721638,S3-116944535,S3-307753920,S3-394336383,S3-656924242,S3-860270732,S2-190565402,S2-855667623,S2-9795667,S3-160453186,S3-182737580,S3-286543126,S3-506950502,S3-591408300,S3-599626827,S3-751187146,S3-822523423,S2-292660441,S2-301837413,S2-433675381,S2-921823248,S2-959623257,S2-964185946,S3-110076913,S3-124540727,S2-331568323,S2-458477768,S2-956619481,S3-374899664,S3-476715865,S2-46382707,S2-666158522,S3-17351315,S3-538513642,S2-620079366,S2-667811799,S2-997729403,S3-520946251,S2-271107683,S3-925641632,S2-875463745,S2-1701697,S2-576956102,S3-291467607,S2-434903263,S3-431332506,S3-734273583,S3-831480249,S3-790669805,S3-415977209,S3-584908729,S3-597596697,S2-11525317,S2-206682303,S2-211113346,S2-245886260,S2-389525947,S2-40224497,S2-601225021,S2-703688517,S2-76631425,S2-780394567,S2-820418533,S2-86570626,S3-297835669,S3-352607632,S3-399763117,S3-526931956,S3-56369136,S3-580929647,S3-603465766,S2-155926061,S2-159153839,S2-195074382,S2-233684830,S2-253731881,S2-357666227,S2-439613983,S2-543296179,S2-636944519,S2-697946542,S2-87151070,S2-913271889,S3-101621618,S3-119137751,S3-343663249,S3-500331437,S3-591839826,S3-975212298,S2-397103855,S2-620874008,S2-970359364,S3-135387011,S3-156439366,S3-728218605,S3-732743122,S2-103592650,S2-363086241,S2-407880192,S2-548871868,S3-165131486,S3-802178283,S3-156205371,S2-16308415,S2-677635172,S2-625806361,S3-598014090,S3-821283070,S2-138753183,S2-250536508,S2-822907670,S3-325798136,S2-146930034,S2-391119412,S2-614719624,S3-350155581,S3-661052651,S2-180843571,S3-687730176,S2-169338148,S2-608026339,S2-728394049,S2-774893091,S2-94305598,S3-243200633,S3-418514620,S2-413324069,S3-532378898,S2-505082958,S3-120147599,S2-767511124,S2-471012933,S3-161728665,S2-683902976,S2-863020600,S3-714170821,S2-142550479,S3-787242320,S3-842891950,S3-844461811,S3-890781205,S3-952328806,S3-966009346,S2-216513881,S2-63825672,S3-248383629,S3-641273849,S3-710348306,S2-161576465,S2-763446823,S3-61673675,S2-964928835,S3-459655331,S3-981437385,S3-105987453,S3-243836756,S3-805146874,S2-121268808,S2-178535999,S2-204326454,S2-214670872,S2-221406341,S2-229898915,S2-23503542,S2-237939467,S2-261926949,S2-28323555,S2-356348892,S2-507152562,S2-513579063,S2-536814465,S2-557412229,S2-567438825,S2-644045573,S2-694220709,S2-792742833,S2-842568245,S3-432290548,S2-913603309,S3-622830819,S2-526724348,S3-55973147,S2-193187638,S3-953155152,S2-917333763,S3-707531257,S3-95505933,S3-191592952,S2-365958689,S3-134905700,S3-332242735,S2-465358481,S2-61791920,S2-660010510,S3-802042765,S2-719974371,S2-271610995,S2-986355721,S3-757317975,S2-678818700,S2-672852646,S2-640818653,S3-314413361,S3-41551093,S3-438392959,S3-460899993,S3-233564984,S2-788726439,S2-89313353,S3-419884547,S2-582426856,S2-791543650,S2-885628642,S3-211994492,S3-296302639,S3-564120464,S3-614134403,S3-69660911,S2-367221711,S3-338142407,S3-539854638,S3-787174869,S2-321243781,S2-515290463,S2-599515158,S2-760677318,S3-195404164,S3-209396484,S3-463129975,S3-523855006,S3-598245511,S3-350252727,S2-833231575,S2-143331210,S2-364586003,S2-651509461,S2-927765494,S3-233168016,S3-41958373,S2-70814698,S3-408924836,S3-773489363,S3-954979457,S3-468562937,S3-396423569,S2-247759089,S2-336212007,S3-303428579,S3-939369368,S2-278223516
S1-156676481	S3-510333494,S3-956733824,S3-343007088,S3-466608838,S3-609699097,S3-721346476,S3-729149715,S2-220364991,S2-482833712,S2-588391616,S3-361978410,S3-39307211,S3-666821240,S3-803637669,S3-911311621,S3-962823921,S2-697428840,S2-654482624,S3-4225546,S3-691252283,S3-115583595,S3-947399662,S2-34527519,S3-365167767,S3-556643598,S3-805092908,S3-637728427,S2-669592937,S3-706776572,S3-920521888,S2-377007018,S3-842050572,S2-764115199,S2-570733882,S2-72014516,S3-221096361,S3-632816231,S2-131847608,S2-134311630,S3-311580153,S2-445607139,S2-737973876,S3-269487550,S3-682273990,S3-851365931,S2-278223516,S2-450402300,S2-45704332,S2-592058593,S2-671033772,S2-708550527,S2-712465069,S2-712631027,S2-734159938,S2-739665095,S2-803802851,S2-83116621,S2-885377341,S2-996673864,S3-100056756,S3-118365272,S3-176420653,S3-224694609,S3-362096659,S3-369202392,S3-448994013,S3-550813709,S3-596000405,S3-665088951,S3-673235171,S3-879177691,S3-939985226,S3-96080070,S2-129546298,S2-233447645,S2-590543548,S2-961288936,S3-27980397,S3-286940437,S3-329169563,S3-477486202,S3-487488463,S3-917429395,S3-919136458,S2-656488527,S2-879827811,S3-557322426,S3-80740634,S3-843934421,S2-612195345,S2-575538099,S2-265443683,S2-387846760,S2-661362152,S2-206682303,S2-240917743,S2-677176429,S2-741232072,S2-765137793,S2-770363451,S3-118789362,S3-325510333,S3-851203953,S2-638205986,S3-546563580,S3-966787979,S3-354608709,S3-343141933,S3-662227421,S3-144991832,S2-149492133,S2-291078750,S2-656529115,S2-788521574,S3-365860347,S3-391140578,S3-397275139,S3-490123736,S3-618744946,S3-620012588,S3-761621285,S3-764936567,S3-774979894,S3-874960185,S2-486864422,S3-217105532,S2-757497690,S2-941914846,S3-313616951,S3-503147711,S2-197002816,S2-236844269,S2-345056602,S2-348427428,S2-371060999,S2-395932790,S2-409525634,S2-425005827,S2-452607351,S2-466233720,S2-528116410,S2-53347320,S2-630772572,S2-642278523,S2-648050395,S2-689131713,S2-697315489,S2-719595842,S2-744221663,S2-767511124,S2-783675002,S2-835632747,S2-853271525,S2-867703534,S2-868552334,S2-876517323,S2-935564689,S3-14196138,S3-233029172,S3-292430764,S3-327186624,S3-329153609,S3-368892956,S3-391512758,S3-465458124,S3-513793846,S3-648274810,S3-655523812,S3-673478656,S2-717204824,S3-883277659,S3-949914661,S3-705132017,S2-705279315,S2-324598557,S3-447217245,S2-706295561,S3-412267797,S2-956750827,S2-255241698,S2-520229938,S2-324457251
S1-538172429	S2-87848522,S3-913557571,S3-542611554,S2-878625314,S2-200131581,S3-430558930,S2-647786334,S2-18735343,S2-997685252,S3-572275928,S2-415971365,S3-53820602,S2-211214776,S3-226176242,S2-867583174,S2-400286055,S2-918225916,S3-138670825,S3-255916085,S3-335401131,S3-777780135,S3-986352932,S2-492689876,S3-178110742,S2-537113431,S2-950867387,S2-283690131,S2-189090611,S2-266208980,S2-281112253,S2-443105865,S2-63595673,S3-164505811,S3-418572961,S3-419619436,S3-424387560,S3-467800076,S3-5365991,S3-5461173,S3-588906778,S3-755640028,S3-758849426,S3-866209619,S3-942993048,S3-96729566,S2-121306260,S2-163132202,S2-231694585,S2-259481379,S2-273701980,S2-303473326,S2-340876872,S2-365835302,S2-42772591,S2-438119004,S2-769770791,S2-788786779,S2-923951807,S3-130856445,S3-156599795,S3-195612667,S3-250701825,S3-254196018,S3-488510516,S3-585882325,S3-612505022,S3-723720532,S3-736914662,S3-739513340,S3-760632156,S3-77069632,S3-860720225,S3-907618886,S3-971490736,S3-992853492,S2-143668818,S2-290030481,S2-613660480,S2-687955594,S2-881625398,S2-884548733,S3-105847977,S3-140414987,S3-153383727,S3-242420685,S3-259407794,S3-317552109,S3-464010962,S3-701901697,S3-722924663,S2-433933375,S3-189276405,S3-811170290,S3-876230466,S2-170969375,S3-505926168,S3-596911798,S2-907122149,S2-334526475,S2-292136097,S2-666542240,S2-757278459,S2-846695661,S2-255241698,S2-271315685,S2-402184997,S2-649589136,S2-696573783,S3-29696026,S2-28855508,S2-52325445,S2-670266204,S2-68397989,S2-508706858,S2-182113816,S2-739992950,S2-849998288,S2-873672948,S2-117729394,S2-484485777,S3-314048466,S2-206964498,S2-276119767,S2-56050634,S2-724779376,S2-956543121,S2-458841205,S2-818132173,S3-394292531,S3-749885147,S2-56879433,S2-953209673,S2-46299433,S2-478048223,S2-614719624,S2-690461205,S3-507672264,S2-1069422,S2-38149082,S2-494473108,S3-236379847,S3-321809205,S3-461248568,S2-959487671,S3-125688401,S3-376244403,S3-889591119,S2-495089561,S3-289448195,S3-320990534,S3-968653338,S2-28815753,S2-685064062,S3-535493116,S3-774025388,S3-707407301,S2-207879661,S2-11018788,S2-127957255,S2-146190461,S2-171364612,S2-21671096,S2-358242450,S2-447997313,S2-488137706,S2-636935540,S2-718993618,S2-902273901,S2-909512087,S3-191193742,S3-193101723,S3-205945144,S3-384781397,S3-534105005,S3-558024874,S2-530272986,S2-812148346,S2-304554195,S3-407703629,S3-958938920,S2-695585905,S2-101800455,S2-104869391,S2-120737942,S2-148812427,S2-324141388,S2-431222432,S2-463416840,S2-480349680,S2-515401033,S2-596057686,S2-621598491,S2-647123391,S2-650232237,S2-815132271,S2-946721224,S2-962723061,S3-163661712,S3-223584711,S3-227222707,S3-233768454,S3-262893178,S3-280421445,S3-36067160,S3-37600279,S3-399691282,S3-477903211,S3-495391260,S3-513158761,S3-51648139,S3-58244969,S3-583238922,S3-641440870,S2-706295561,S2-822136267,S2-345821669,S2-562480373,S2-875859824,S2-281789323,S2-400018221,S2-579002307,S2-621038567,S2-748133905,S2-776380089,S2-929874468,S2-133611852,S2-175139837,S2-185356139,S2-190155652,S2-205028682,S2-207770665,S2-254093256,S2-30441522,S2-318276272,S2-350913793,S2-358989912,S2-37162108,S2-429687395,S2-441433545,S2-454112761,S2-602159864,S2-643946098,S2-867362773,S2-899885082,S2-973946028,S2-98772157,S2-993862441,S3-15032786,S2-105944687,S2-126273518,S2-222087068,S2-277897515,S2-292457321,S2-490423795,S2-519578439,S2-638205986,S2-644678170,S2-663141129,S2-67781980,S2-684389177,S2-729995609,S2-760342223,S2-802911754,S2-841249549,S2-844137156,S2-889091348,S2-99703114,S3-588282924,S2-43175462,S2-807749499,S2-126880918,S2-15897933,S2-166035208,S2-21279700,S2-221443939,S2-252937123,S2-344770126,S2-445546933,S2-493540247,S2-505382049,S2-517639589,S2-562572615,S2-584678340,S2-610641701,S2-681031474,S2-720229436,S2-736806618,S2-782226067,S2-846323869,S2-865528160,S2-881230267,S2-891025389,S2-922979763,S2-924702647,S2-958004512,S2-999063927,S3-824904449,S2-163588882,S2-20485579,S2-233955789,S2-236172941,S2-293957662,S2-3254633,S2-360759334,S2-395519178,S2-450334968,S2-453701041,S2-463776613,S2-475221743,S2-491816703,S2-515628895,S2-532941029,S2-582144501,S2-615696767,S2-626192728,S2-627317516,S2-638841962,S2-686597778,S2-715003165,S2-762507989,S2-814246015,S2-824538115,S2-827313615,S2-84419669,S2-864312151,S2-868194931,S2-881240809,S2-882070832,S2-943533412,S3-509298992,S3-762626958,S3-864402078,S3-966787979,S2-134179588,S2-138440077,S2-196735620,S2-223894512,S2-257595674,S2-304596935,S2-313457154,S2-327044500,S2-3327455,S2-348460134,S2-354285957,S2-382324021,S2-414038861,S2-424549624,S2-47204282,S2-479009374,S2-490829520,S2-525511509,S2-541866743,S2-565233128,S2-565446735,S2-569547278,S2-582936230,S2-646479444,S2-650331347,S2-666772628,S2-674153411,S2-791007247,S2-808200424,S2-824393649,S2-844631086,S2-84558918,S2-881680761,S2-916424586,S2-924945969,S2-928637986,S2-942434244,S2-97900066,S2-983508253,S3-282184145,S3-3340152,S2-100356934,S2-395646268,S2-512387702,S3-248707100,S3-395719921,S2-122310484,S2-218163531,S2-418329648,S2-646511004,S2-814970405,S2-828094304,S2-949879453,S3-137405991,S3-342583923,S3-424304718,S3-424880859,S3-524681357,S3-620986045,S2-356950885,S2-392311680,S2-48922960,S2-571365009,S2-947209017,S3-477793870,S3-755608809,S3-80180926,S3-325066891,S3-597076434,S2-369674800,S2-417842587,S3-387641301,S3-908048955,S2-18712551,S2-884646582,S2-936604120,S2-961376529,S2-38341239,S2-328819824,S2-341356819,S2-912057209
S1-328484868	S3-577334831,S2-392865071,S3-12888271,S2-740545769,S3-645561459,S2-453701041,S2-934121225,S3-775735560,S2-338288740,S3-84583186,S3-817377821,S3-578107952,S2-302722256,S3-494902065,S2-151080447,S3-203406184,S3-927307110,S3-697255890,S2-554594880,S3-174979747,S3-832190052,S2-312603812,S2-984769880,S2-569953798,S2-617435169,S2-705138560,S3-483838723,S2-920288482,S2-884042163,S3-59547937,S2-647843694,S3-642635078,S2-897182213,S2-307783601,S3-502200185,S3-574399157,S3-846645501,S3-793451005,S2-582530895,S2-687440458,S2-227347141,S3-256557525,S3-583392019,S2-127207672,S2-248925245,S2-676996379,S2-728703343,S2-616814626,S2-599171784,S2-231694585,S2-662683374,S2-624442235,S2-626332414,S2-70303698,S2-797474261,S2-828836035,S2-420132392,S2-702803711,S2-963320307,S3-352516312,S2-756210270,S3-951862533,S2-563254777,S2-771545934,S3-958174301,S2-868229533,S3-832193366,S3-284796702,S2-38341239,S2-873071197,S3-277216837,S2-814053841,S3-162914160,S3-886986456,S3-399096682,S3-107139502,S3-129981058,S3-654362067,S2-284865732,S3-206482973,S3-982675173,S3-761009862,S3-788062268,S2-282193877,S2-480788861,S2-884449224,S3-660420223,S3-71152370,S3-553678843,S3-823499972,S2-416944996,S2-659329040,S3-641283727,S3-922691182,S3-992700873,S2-212272184,S2-623369202,S2-868402308,S2-930255721,S2-412640458,S2-656472294,S2-138815229,S2-175375839,S3-492465398,S2-151986733,S3-436082872,S2-658962705,S2-778750868,S3-254895910,S3-508888311,S3-147467099,S3-579128145,S3-593690238,S2-39184335,S2-421449650,S3-59320718,S2-901073014,S2-136015575,S2-808417099,S3-649068983,S2-469697382,S3-199745040,S2-247899265,S2-91462088,S3-681482482,S3-905764301,S2-876426051,S3-125661009,S3-999414270,S3-999407612,S3-763496911,S2-337627877,S2-362398080,S2-601763671,S3-596911798,S2-210811880,S2-604995023,S2-157855149,S2-351681868,S2-410266825,S2-615922349,S2-599097726,S2-657262739,S2-133479630,S2-730831408,S2-576481848,S2-780027799,S2-377425064,S2-127083793,S2-679387320,S2-722947143,S2-510485429,S2-906737400,S2-939854993,S2-260791783,S2-440892226,S2-676123788,S2-816783402,S2-287369812,S2-150188085,S2-996505161,S2-358865506,S2-889428237,S2-997286351,S2-29241194,S2-537762092,S2-42521763,S2-724134424,S2-86794183,S2-878208028,S2-664925321,S2-852414051,S2-69656810,S2-766041564,S2-849534670,S2-878035018,S2-900201002,S2-248331493,S2-516211844,S2-832520932,S2-913153250,S3-561739759,S2-157421274,S3-489735901,S3-561275873,S3-153603266,S3-601261753,S2-970368862,S2-538932556,S2-771079624,S2-865757683,S2-344291839,S2-121534319,S2-405424744,S2-391945223,S2-804259075,S2-649702505,S3-460431002,S2-767093038,S2-927881985,S2-102356991,S2-585772286,S2-801575611,S2-934955885,S2-364830989,S2-533031812,S2-599757572,S2-183564048,S2-757752339,S2-357099773,S2-50399884,S3-747639965,S2-408872500,S3-994282031,S2-398333144,S3-19809105,S3-252726607,S3-371279336,S2-612932172,S2-428873944,S2-632612593,S2-798624941,S2-311158746,S2-403094391,S2-708794461,S2-734194728,S2-842966928,S2-883631954,S3-228695789,S2-915384807,S2-173835326,S2-29831108,S2-519537378,S2-788726439,S2-308637732,S2-543202300,S2-93858800,S2-956424903,S2-285718648,S2-7116671,S2-326339616,S2-414377825,S2-555364989,S2-767014401,S2-899899974,S3-828324980,S2-740421310,S2-228578980,S2-846562625,S2-947881698,S2-594329924,S3-668106989,S2-255670996,S2-717820431,S2-412792978,S2-345376012,S2-499162305,S2-775082198,S2-341652977,S2-138455857,S2-388878166,S2-701210290,S2-466537580,S2-353185029,S2-365641240,S3-843289939,S2-895175652,S2-20921384,S2-61791920,S3-981843326,S2-103887483,S3-710502274,S2-144028442,S2-180226895,S2-45576659,S2-899659106,S2-918225916,S2-170472779,S2-577275323,S2-890721556,S2-108325589,S2-1518416,S2-433266862,S2-964475404,S2-735528555,S2-225839189,S2-323237782,S2-565682097,S2-566550277,S2-718904357,S2-956701335,S2-963429890,S3-727364858,S2-310952694,S3-244452530,S2-752449561,S3-594391279,S3-704844169,S3-251514166,S3-332467111,S3-740988485,S2-648214258,S2-725052869,S2-997774392,S3-16828363,S3-57130736,S2-653080548,S3-525737719,S3-559541525,S2-350312398,S2-503772669,S3-122259109,S3-384248149,S3-778645422,S2-689729719,S2-920228418,S2-865567266,S3-269880488,S3-186995204,S2-97707625,S3-635853742,S2-87614784,S3-251017387,S3-291724793,S2-128276906,S2-265169195,S2-626566916,S2-734640078,S3-10289016,S3-209934539,S3-543951778,S3-700944262,S3-732638796,S3-747180702,S3-820278383,S3-93418157,S3-991124315,S3-99805480,S3-812824069,S3-518048301,S3-196094724,S3-931340632,S2-444660811,S3-356552005,S2-271546453,S2-979668320,S3-649074307,S2-205028682,S2-395051447,S2-684660075,S2-134283055,S3-28938145,S3-300565274,S2-64261427,S2-501067553,S3-663492147,S2-327953364,S2-853128191,S3-521827173,S3-576343757,S2-193498039,S2-404149047,S2-626281315,S2-765330232,S2-779269200,S2-907447415,S3-391512758,S3-459618123,S3-517834968,S2-34459528,S2-487561496,S2-713022919,S2-947860510,S3-989211344,S2-278374212,S3-156763265,S3-949819465,S3-603807086,S2-924193373,S2-991645307,S2-987007802,S3-372737850,S3-8413186,S2-216748986,S2-97624058,S3-7335532,S2-928794917,S2-440208042,S2-291425449,S2-420274136,S3-917395068,S2-82665539,S2-790584057,S3-191937675,S3-658339832,S3-915964875,S3-386594469,S3-643804442,S3-869306913,S3-917045493,S2-186178730,S2-29201242,S2-621048710,S2-665326571,S2-734211774,S2-975236800,S3-304034561,S3-610923045,S3-642474700,S3-68490065,S2-110455087,S2-115096526,S2-320211304,S2-394585580,S2-422419760,S2-558209173,S2-582534411,S2-588564506,S2-668500851,S2-700490997,S2-935833232,S2-963724963,S3-100488071,S3-301216478,S3-37512143,S3-491218392,S3-535215502,S3-614742502,S3-81874091,S3-882104420,S3-980459413,S2-27645833,S2-806044358,S2-87151070,S3-227784284,S3-399331594,S3-56034030,S3-574736307,S3-663182088,S3-667436670,S3-867792668,S2-1384947,S2-998441573,S3-339842029,S3-495391260
S1-759420881	S2-939414724,S2-280059423,S3-429964199,S3-803216576,S2-730612411,S3-193901121,S2-126067459,S3-149870696,S2-711299161,S2-432075492,S2-577169147,S2-617536358,S2-895137678,S3-527226480,S2-346972161,S2-612865440,S2-909512087,S2-482457477,S2-524647524,S2-132727640,S2-644263140,S2-68117185,S2-684647196,S2-939325558,S2-218417896,S2-239734670,S2-399080744,S2-857703397,S2-245028709,S3-124791237,S3-361036627,S2-146190461,S2-333972573,S2-743077869,S2-932473041,S2-217481422,S2-671058297,S2-222087541,S2-288900588,S2-467059481,S2-44691493,S2-140392613,S2-586332224,S3-270548707,S3-305450080,S3-326481487,S3-397105851,S3-667064399,S3-774845702,S2-434444193,S2-239522003,S2-272662532,S2-384258511,S3-197658915,S3-330597310,S2-687039654,S3-465842199,S2-426127377,S2-578632765,S2-852733230,S3-316404803,S2-876987081,S2-341977313,S3-960731124,S3-96682572,S3-853338094,S3-794312334,S3-597117424,S3-496597742,S3-540719104,S3-929148287,S3-496301161,S3-95527142,S3-509213701,S3-58338030,S3-742715976,S3-792366274,S3-943789835,S2-280387127,S2-506354310,S2-26577880,S2-961889586,S2-355639560,S2-428132772,S2-456464362,S2-36876768,S2-530246781,S2-960063260,S2-153950837,S2-183451887,S2-559357496,S2-292361484,S2-150153388,S2-285650370,S2-325280467,S2-413246019,S2-434596694,S2-533957070,S2-67387565,S2-783840180,S2-815437409,S2-910714133,S2-130650294,S2-357952967,S2-563601720,S2-640857247,S2-742767177,S2-789731350,S2-891159480,S2-684660075,S2-689994413,S2-224209762,S2-239778965,S3-779043128,S3-855023178,S2-292191106,S2-101492101,S2-288866946,S2-341978882,S2-387400139,S2-481491425,S2-481928111,S2-512823164,S2-573546608,S2-601930777,S2-633798923,S2-740006665,S2-791543650,S2-814975988,S2-950798097,S2-419593315,S2-455293283,S2-120409400,S2-128376894,S2-162231971,S2-165081592,S2-238715582,S2-248066149,S2-296710592,S2-338288740,S2-371682061,S2-376137187,S2-413196231,S2-458841205,S2-47989359,S2-497761227,S2-60783179,S2-633185957,S2-726699078,S2-736873689,S2-765934945,S2-845888179,S2-855107284,S2-920228418,S2-986773803,S3-207549940,S3-440521231,S2-197804965,S2-390323013,S2-489226996,S2-785408567,S2-981717633,S2-107481447,S2-131226851,S2-386808804,S2-395304867,S2-556523981,S2-632113447,S2-666850326,S2-823771065,S2-97707625,S2-992974767,S3-207045635,S3-965607782,S3-101476257,S3-252976802,S3-958567104,S2-164216619,S2-298676060,S2-392389070,S2-510518160,S2-567885600,S2-69068244,S2-766891936,S2-788752456,S2-791099826,S2-811161389,S2-863353574,S2-798083579,S2-122613758,S2-144098902,S2-697986629,S2-720865061,S2-822955288,S2-980729322,S2-360844347,S2-378280222,S2-406482270,S2-432778592,S2-451241792,S2-620169709,S2-99914376,S2-201200171,S2-414120731,S2-846425322,S2-176412580,S2-349155457,S2-370543132,S2-591403102,S2-666865308,S2-670933290,S2-23883940,S2-735835906,S2-794099142,S2-805273,S2-857780889,S2-112610365,S2-3732875,S2-419961624,S2-74067143,S2-74210598,S3-576386370,S2-209094848,S2-624219129,S2-131815265,S2-633794554,S2-387961179,S2-163499638,S2-705179159,S3-21520607,S3-236004540,S3-708477913,S3-854759792,S3-834094776,S2-154595945,S3-908903125,S2-24446746,S3-111906332,S3-89663500,S3-908431072,S3-435588441,S2-801736819,S3-804943849,S3-997691284,S3-389551063,S3-681482482,S2-278264656,S2-734913016,S3-475172903,S3-723782439,S2-10213277,S2-205667055,S2-294973678,S2-307762256,S2-312232867,S2-432957675,S2-572170656,S2-773232835,S2-817437895,S2-818132173,S2-881561200,S3-156195847,S3-320245034,S3-508365380,S3-625572475,S3-626461017,S3-665784397,S3-690948001,S3-719905693,S3-813399818,S3-836323316,S3-889412794,S3-663186882,S2-788786779,S2-198208453,S2-584305608,S2-766041564,S3-809715562,S2-694300960,S3-868279248,S3-939438583,S3-321374613,S2-510485429,S3-480961379,S3-575772252,S3-803251727,S2-126547047,S2-436649621,S3-811422505,S2-103337963,S2-116037739,S2-2313953,S2-243605664,S2-270955231,S2-297261707,S3-373985042,S3-547724725,S3-584253493,S3-885967434,S3-174578694,S3-161304516,S3-18506531,S3-330171516,S3-736101023,S3-739758145,S3-930417372,S3-255248112,S3-867340342,S3-88957677,S3-81248845
S1-315151464	S2-937181961,S3-696701128,S2-711412167,S3-578176316,S3-788563509,S3-737010341,S3-74937419,S2-44313990,S2-653164880,S3-80675468,S2-961483423,S2-860290363,S2-644172873,S3-866153177,S3-613688844,S2-795622978,S2-133611852,S2-554268192,S3-138996865,S3-405410284,S3-874010834,S2-316808744,S2-156134585,S3-945266641,S2-431353020,S3-780148528,S2-961889586,S3-881414445,S2-591901418,S3-720443017,S3-295166255,S2-284282380,S2-250782308,S2-780465573,S3-65169413,S3-885440728,S3-914962444,S2-112974591,S3-683183862,S2-832764364,S2-920052691,S2-776013183,S2-825171812,S2-444205208,S2-720823116,S2-28753516,S3-367960867,S3-865698999,S2-825965161,S2-68397989,S2-146163950,S3-980733028,S2-48139807,S3-891820471,S2-890544495,S2-998572590,S3-218695328,S2-805360531,S3-250383882,S3-947397377,S2-822621379,S3-927203180,S3-259407794,S2-774458853,S2-411375992,S3-717702704,S2-720865061,S3-986162281,S3-207114878,S2-971461338,S2-769687701,S2-768470084,S3-711776657,S3-597117424,S3-807636458,S2-508278833,S2-131802163,S3-308492150,S3-753251679,S3-331761072,S3-742970117,S2-924544685,S3-12728310,S2-903392571,S3-181563947,S3-488220610,S3-517238225,S3-699919888,S3-334228003,S2-584678340,S2-73863043,S2-735864207,S2-974437384,S3-725557357,S3-891175382,S2-53922869,S2-699090828,S2-929874468,S3-388578361,S3-741309886,S3-741630242,S2-2374160,S3-567007485,S3-727971164,S2-26870457,S3-419231457,S2-363854018,S2-445546933,S2-298342321,S2-819525401,S2-819876212,S2-170568082,S2-617502956,S2-433245613,S3-652459381,S2-525403649,S2-875859824,S3-867177699,S2-434596694,S2-643973384,S2-818809148,S2-565826329,S2-181354644,S2-122397835,S2-423765347,S2-448290872,S3-125469918,S2-674375006,S2-546445256,S2-638722351,S3-201485785,S2-1060012,S2-620498177,S2-540155056,S2-532902136,S3-902903955,S2-204710271,S2-231744493,S2-670266204,S3-534940877,S3-754701117,S2-881230267,S3-191426924,S2-795062626,S2-906379921,S3-266366053,S3-357207589,S3-576725032,S2-624276506,S3-398302604,S3-414860370,S2-124856018,S2-489234947,S3-334443542,S3-526342947,S3-617072058,S2-426889450,S2-458971741,S3-775603914,S3-777910897,S3-800951090,S2-1830148,S2-419714026,S2-497761227,S2-545502413,S2-837835443,S3-748206987,S3-222043227,S2-172645141,S2-671058297,S2-260791783,S3-437984151,S3-560952881,S2-12748900,S2-466490073,S2-724134424,S2-915384807,S2-421422730,S2-441222124,S2-481928111,S2-534748469,S2-682016022,S2-83941569,S3-130702503,S3-733306876,S3-953322100,S2-55848843,S2-982713811,S3-156055884,S3-291250244,S3-379027251,S3-405273756,S2-188326759,S2-450605042,S2-556523981,S2-640428076,S3-413824364,S2-902656741,S3-138670825,S3-235081405,S3-488889429,S3-675350730,S3-685100625,S2-347833240,S2-471494117,S3-193353869,S2-662119225,S2-93693892,S2-352659804,S2-530670273,S2-577968162,S2-649541836,S3-666235338,S2-126596796,S3-235128964,S3-671532893,S3-121870804,S3-142632411,S2-914084304,S3-460749058,S3-224570714,S2-321125095,S3-420044628,S2-660552676,S2-18821896,S2-884449224,S2-41472930,S3-386572544,S2-24880107,S2-412522763,S3-583259634,S3-975124175,S2-79632662,S2-127541267,S2-325023754,S3-842722388,S3-195044772,S3-128576914,S2-315411553,S2-697657425,S2-471244453,S2-470664014,S3-85995532,S2-495867417,S3-243204886,S3-886894382,S2-188419048,S3-11906868,S2-870979412,S3-754884266,S2-267125529,S3-454590842,S3-321464826,S2-806853318,S3-444717794,S3-895233383,S3-902826689,S3-916436143,S2-912694275,S3-314358039,S2-975264148,S2-970434904,S2-441896508,S2-159731261,S2-360302114,S3-865712860,S3-98485238,S2-131665475,S3-597000957,S2-714437799,S2-633289099,S2-308806691,S2-170363125,S3-565156638,S2-596908038,S2-742712532,S3-286184799,S3-393477112,S3-995269636,S3-46278519,S3-689803317,S2-594477222,S3-878417401,S2-438160223,S2-569827573,S3-712855294,S2-693696960,S3-682503090,S3-208572086,S2-623835354,S3-608743951,S2-236158162,S2-78154116,S3-722905432,S2-372887931,S3-960555589,S2-563492456,S2-506684644,S3-75135557,S3-571774668,S3-361423027,S3-991045201,S3-317635242,S3-376358378,S2-515290463,S2-466747489,S2-670703505,S2-996416699,S2-26532652,S2-551553473,S3-725942417,S2-118705689,S3-24400050,S2-135648414,S3-918140831,S2-266857798,S3-473071654,S3-286202806,S2-357704687,S2-568601280,S3-10633121,S2-170214631,S2-101862619,S3-903715382,S3-891723501,S3-210990789,S3-595589033,S2-156221575,S2-922887470,S2-171881795,S2-918254749,S2-679576794,S3-816462525,S3-325500801,S3-974478561,S3-281471892,S2-743993676,S2-879399136,S3-290744538,S3-394292531,S3-612922969,S3-684347477,S3-791512698,S3-119279122,S3-553678843,S3-350252727,S3-749885147,S3-298367329,S3-703577133,S3-316226897,S3-370319660,S3-814402683,S3-859995447,S3-929777090,S3-36067160,S3-82524072,S2-587630418,S2-952334583,S3-742351958,S3-614200405,S3-824178020,S3-710373574,S3-36002822,S3-37216700,S2-654759747,S2-866977310,S2-974189956,S2-280144421,S3-189122880,S3-461468554,S3-91494882,S3-600231240,S3-93596689,S3-225617432,S2-439202403,S3-371617017,S3-870067594,S2-967857635,S2-664605452,S2-686943702,S2-78846516,S3-188166575,S3-289890087,S2-786179066,S3-11152601,S3-777326191,S3-221819744,S3-952624336,S2-43850683,S2-57572065,S2-439195834,S3-138378296,S2-219772710,S3-438030771,S3-226751135,S2-865517505,S3-840717785,S3-733617678,S3-271772790,S3-728102942,S3-945445352,S2-742209866,S3-803205263,S3-846631177,S2-127957255,S2-255635543,S2-604494418,S2-241692309,S2-18905581,S2-51344336,S2-90959136,S3-37525194,S3-692211572,S2-416944996,S2-561291370,S2-621072150,S2-274092067,S2-408566561,S2-826728814,S2-128743805,S2-230786451,S2-910604013,S3-223377563,S3-406881658,S3-661026318,S3-797456500
S1-542392575	S2-426644377,S3-267268081,S3-57181682,S3-216760335,S2-230279007,S3-893800966,S3-813911172,S2-221406341,S2-183434475,S3-383834792,S2-736248886,S3-229175718,S3-898679250,S3-549733999,S3-441169241,S3-593459283,S2-212807991,S3-754186734,S3-370515957,S2-429874284,S3-806036266,S2-106963586,S2-179904830,S2-231241054,S2-242747884,S2-247848907,S2-445237295,S2-451735183,S2-459216042,S2-579383703,S2-95001225,S2-9564953,S2-987355106,S3-130789050,S3-165468557,S3-250642795,S3-351992236,S3-366849220,S3-484916454,S3-510782654,S3-527181846,S3-532877913,S3-573933273,S3-618744946,S3-683066081,S3-795598536,S3-908364941,S3-913095882,S3-935530507,S3-990270784,S3-996570174,S2-649167614,S2-122798007,S2-175768343,S2-192052570,S2-197906979,S2-200147951,S2-357704687,S2-466283690,S2-532736081,S2-548973845,S2-595337931,S2-829327967,S2-911068400,S2-914240982,S2-917977993,S3-211684316,S3-227056248,S3-243099848,S3-246749872,S3-280355954,S3-444899741,S3-544622965,S3-606103381,S3-62076325,S3-647167834,S3-696710195,S3-713299282,S3-794534368,S3-896883299,S3-981814086,S2-892880836,S2-277256085,S2-230719869,S2-243380043,S2-451388048,S2-673674982,S2-716134606,S2-798453656,S2-803345568,S3-318749094,S3-357087784,S3-549195565,S3-772143811,S3-919867303,S2-258754776,S2-321857530,S2-415554920,S2-588688461,S2-846472753,S2-960779368,S3-20284840,S3-243077920,S3-496700434,S2-122135213,S2-383805314,S2-458000991,S2-462273923,S2-594207641,S2-661497856,S2-751927754,S2-947930749,S2-124998992,S2-155065181,S2-190413484,S2-240309710,S2-396247454,S2-440961216,S2-447266988,S2-458900647,S2-557622120,S2-59348603,S2-705958616,S2-713128130,S2-723166368,S2-792313182,S2-921577393,S2-949913611,S3-269780096,S2-108778785,S2-366287725,S2-490738301,S2-546213106,S2-548288174,S2-63685424,S2-648121538,S2-770639293,S2-821594254,S2-925617932,S3-905464349,S2-258765697,S2-605752167,S2-308490277,S3-194590016,S2-49704122,S2-89225724,S2-609155344,S2-852006620,S3-207440852,S3-625423873,S3-88744762,S3-97951785,S2-134873386,S3-143737183,S3-207953146,S3-208306510,S3-265051928,S3-324249277,S3-347282422,S3-445180157,S3-637119816,S3-652830045,S3-655618597,S3-808143010,S3-924114000,S3-968268590,S3-97619660,S3-125038201,S3-289521590,S3-307867607,S3-35107915,S3-387814250,S3-47788114,S3-789714562,S3-822512692,S3-857424712,S3-902895806,S3-935518277,S2-862087134,S2-187442068,S3-455118719,S3-540681665,S3-965552628,S3-977376822,S3-990165548,S2-416823553,S2-819566919,S3-63739826,S3-496624766,S3-534347259,S3-53801477,S3-556971286,S3-801990589,S3-395394542,S3-33516925,S3-376563029,S2-820636759,S3-952236526,S2-149331705,S3-37218022,S2-111457581,S2-770399336,S2-304623609,S2-38080120,S2-455962112,S2-701819435,S2-828956414,S2-864008796,S2-894717797,S2-919587480,S3-262330334,S3-359882099,S3-575108811,S3-673271637,S3-676464415,S3-725515843,S3-805712986,S3-879540380,S2-657505967,S3-147120161,S3-258509724,S3-269821039,S3-621671009,S3-648274810,S3-943453343,S2-791795688,S3-5829299,S3-595538238,S3-347770735,S3-704036061,S3-376716524,S3-665088951,S3-742007351,S3-381432503,S3-882861608,S3-398271423,S3-781882004,S3-955865015,S2-466125785,S3-561683281,S2-510828580,S3-332325798,S3-480849704,S3-798782157,S3-944438693,S2-315339851,S2-399270330,S3-131817263,S3-469477584,S3-812338438,S2-733805727,S3-319206170,S3-337839735,S3-461102796,S3-617973943,S3-647686808,S3-746183899,S3-899380474,S3-61673675,S2-98692973,S2-746620162,S3-158433893,S3-759749654,S2-333531887,S2-179955574,S2-833098440,S3-8618885,S3-73810149,S3-77961187,S3-997245266,S2-423210927,S3-404978796,S2-23883940,S3-126144725,S2-294896334,S3-848502444,S2-99703114,S2-997138772,S3-795198939,S2-102868809,S2-111953307,S3-143977196,S3-683383944,S3-77092056,S2-360676737,S2-943334001,S3-450501698,S3-634109251,S2-288321243,S2-601763671,S2-960295729,S3-3340152
S1-196021261	S2-633952529,S3-123089033,S3-329839709,S2-434984281,S2-11490084,S2-9795667,S2-212199321,S2-498730059,S2-529570083,S3-297193740,S3-679287962,S2-388320428,S2-554844900,S2-72014516,S2-966214679,S3-47660728,S3-801386729,S2-691572888,S3-319417260,S3-339526490,S3-486531187,S2-436169257,S2-394935023,S3-723919178,S2-763987500,S2-234042428,S2-467056898,S2-532454116,S2-569487904,S2-89597725,S3-352102065,S2-395448941,S3-987585345,S2-272337114,S3-20678824,S3-890864707,S2-197548885,S2-360575285,S3-142400878,S3-352009921,S3-87344475,S2-264325928,S2-268954984,S2-299950685,S2-369181726,S2-477764047,S2-859965879,S2-924753727,S2-934406483,S3-477486202,S3-953079667,S2-79768760,S2-243605664,S2-775363081,S2-157855149,S2-370588868,S3-981843326,S2-172176330,S2-36616095,S2-501080852,S2-744687095,S3-628558982,S2-119861556,S2-127427127,S2-12807248,S2-146825600,S2-19075506,S2-213671802,S2-215928486,S2-21841844,S2-255887413,S2-264929434,S2-308711638,S2-3216698,S2-322348976,S2-354163201,S2-366557109,S2-379269695,S2-392284995,S2-411502818,S2-419746677,S2-424130315,S2-459978276,S2-490193498,S2-550913949,S2-556655463,S2-574461794,S2-590543548,S2-597978530,S2-641282870,S2-658767303,S2-675604057,S2-684016932,S2-699723587,S2-703504021,S2-713128130,S2-719518896,S2-724561364,S2-740630278,S2-761605067,S2-790940737,S2-797540674,S2-840333371,S2-845256402,S2-876048254,S2-89056392,S2-896804616,S2-93365457,S2-967890795,S2-98470599,S2-991028213,S2-992484294,S3-12586685,S3-126870934,S3-131864440,S3-142059828,S3-1619100,S3-177089161,S3-191487313,S3-207959966,S3-219544103,S3-229462616,S3-235860743,S3-248383629,S2-387543670,S3-43771379,S2-956464324,S2-320211304,S2-382336795,S2-651757076,S2-902750523,S2-663035314,S2-206215900,S2-525745609,S3-621421636,S2-1069422,S2-217824215,S2-293886566,S2-328119663,S2-38149082,S2-461833797,S2-494473108,S2-596959597,S2-660052298,S2-792241833,S3-183648065,S3-654561809,S3-716545774,S3-73818059,S3-746335478,S3-862253498,S2-664278968,S3-291656956,S3-567009793,S3-678134219,S3-229996659,S3-62030442,S3-658339832,S3-663903802,S3-709647655,S3-793876982,S3-958119967,S2-190410289,S2-547208449,S2-666158522,S3-807589449,S3-249328854,S3-923177435,S3-741277767,S2-983376623,S3-235081405,S3-36861972,S2-114942604,S2-646416232,S3-508050263,S3-571103701,S3-24365394
S1-336997723	S2-552987885,S2-620553527,S2-827313615,S2-160163104,S3-258602386,S3-429338808,S2-757278459,S2-520506500,S2-444776297,S2-666772628,S2-183779262,S2-646479444,S2-110879481,S3-824904449,S3-314048466,S2-822136267,S2-569547278,S2-924945969,S2-961376529,S3-516003825,S2-511233314,S2-758561571,S2-357351765,S2-328819824,S2-643946098,S2-678508308,S2-343903784,S2-877041266,S2-22053014,S2-760180251,S2-542622680,S2-825965161,S3-862342205,S2-455409130,S2-483601639,S2-744096055,S2-823275197,S2-929874468,S2-312603812,S2-884042163,S2-807749499,S2-706295561,S2-600801997,S2-626192728,S2-402184997,S2-729995609,S2-447353927,S2-505382049,S2-189329702,S2-365160866,S2-233955789,S2-360759334,S2-881240809,S2-562480373,S2-223894512,S2-255241698,S2-257595674,S2-327044500,S2-916424586,S2-281789323,S2-334526475,S2-579002307,S2-748133905,S2-776380089,S2-263186725,S2-348938129,S2-530272986,S2-551356310,S2-812148346,S2-520158797,S2-285965470,S2-772383709,S2-304554195,S2-394376911,S2-400286055,S2-739046764,S2-997685252,S3-655765276,S2-82098399,S3-860720225,S3-105963730,S3-443992251,S3-618926925,S2-410443169,S2-219108477,S2-917035530,S3-605758990,S3-880911635,S2-122397835,S2-332399435,S2-781680493,S2-567885600,S3-180987878,S3-256236920,S3-403433007,S3-613688844,S3-617407290,S3-953200621,S3-959835241,S2-309950188,S2-481555186,S2-822955288,S2-865873105,S3-689284207,S3-891009825,S2-937723366,S2-178212695,S2-249752892,S2-367798413,S2-855804092,S3-203613123,S3-226176242,S3-524288092,S2-899447570,S2-96097117,S3-255232011,S3-795192916,S3-956096775,S2-131663233,S3-800490167,S3-588906778,S2-633890792,S2-120228909,S2-516528679,S3-14055159,S3-392399735,S3-507794383,S3-722323741,S3-762998151,S3-791679100,S2-173835326,S2-369984390,S3-482919603,S3-503062215,S3-609450808,S3-67484674,S3-959870743,S3-978541643,S2-187945508,S2-294570788,S2-303473326,S3-152488303,S3-285819698,S3-581689819,S3-594919520,S3-955717541,S2-159479668,S2-306411544,S2-354968519,S2-686922988,S2-948564851,S3-23360255,S3-334311872,S3-428252072,S3-474909840,S3-647406028,S3-947790516,S3-958174301,S2-15818504,S2-164515753,S3-473246480,S3-752914113,S3-759542161,S2-117179217,S2-168336318,S2-373370127,S2-393090162,S2-475458017,S2-475584631,S2-3327455,S2-382324021,S2-494668113,S2-724779376,S2-660037022,S2-987787716,S2-133611852,S2-202880212,S2-205028682,S2-248706960,S2-318276272,S2-350913793,S2-454112761,S2-627240894,S2-692113070,S2-913430692,S2-15907288,S2-277897515,S2-519578439,S2-67781980,S2-68397989,S2-684389177,S2-696573783,S2-385701128,S2-15897933,S2-166035208,S2-292136097,S2-344770126,S2-610641701,S2-958004512,S2-163588882,S2-236172941,S2-293957662,S2-508706858,S2-638841962,S2-814246015,S2-864312151,S2-882070832,S2-134179588,S2-304596935,S2-313457154,S2-881680761,S3-282184145,S2-666936083,S2-100356934,S2-347408870,S2-417758033,S2-847640816,S2-884646582,S2-918333631,S2-936604120,S2-117729394,S2-152586612,S2-387961179,S2-89751189,S2-196761624,S2-256178046,S2-429687395,S2-536085113,S2-538385170,S2-56879433,S2-582285466,S2-75603601,S2-988827822,S2-431969906,S2-44291370,S2-578075138,S2-870905084,S2-206964498,S2-217869259,S2-276119767,S2-411946964,S2-121760920,S2-407596224,S2-566376756,S2-119522508,S2-475221743,S2-98772157,S2-846695661,S2-565233128,S2-3254633,S2-774587027,S2-28855508,S2-49794906,S2-311002103,S2-865528160,S3-157546317,S3-762626958,S2-525511509,S2-791007247,S3-947500031,S2-956543121,S2-37162108,S3-15032786,S2-450334968,S2-43175462,S2-138440077,S2-875859824,S2-983508253,S2-32989110,S2-438697863,S2-849998288,S3-152235511,S2-110130617,S2-175139837,S2-18735343,S2-973064590,S2-237608863,S2-714539877,S2-52325445,S2-925930858,S3-53820602,S2-517639589,S2-324457251,S2-134038712,S2-453701041,S2-515628895,S2-873873954,S2-271315685,S2-354285957,S2-650331347,S2-110796354,S2-562443826,S2-75258741,S2-825879860,S2-877267508,S2-222279556,S2-487338605,S2-707915140,S2-846684422,S3-94124571,S2-715700276,S3-724062856,S3-852808639,S2-458841205,S2-665923645,S2-671469605,S3-234738677,S3-239636657,S3-471437746,S3-473851818,S3-727364858,S3-736081621,S3-748927404,S3-784191023,S3-896220559,S3-394291740,S2-775363081,S2-860348904,S3-323629000,S3-476436405,S3-645121165,S3-854759792,S3-978524821,S3-19670018,S3-47888918,S2-839592979,S3-102325121,S3-598137753,S2-131721251,S3-107359553,S3-141320125,S3-183271776,S3-394711976,S3-542402458,S3-597076434,S3-703054880,S3-739812190,S3-809410312,S3-252212308,S2-100335144,S2-288262835,S2-449340384,S2-537266745,S2-558063564,S2-587632602,S2-818998566,S2-842606353,S3-206369663,S3-228187226,S3-342753529,S3-423544251,S3-512703458,S3-930780302,S2-209376251,S2-455026195,S2-565629693,S2-766072828,S2-913668297,S3-46280871,S3-482967564,S3-61416390,S3-625343693,S3-700302350,S3-780767901,S3-8000685,S3-955523463,S2-215644862,S2-660436176,S3-203439499,S3-333404530,S3-524497246,S3-594950657,S3-619468049,S3-720376707,S3-866937886,S3-575171256,S3-721777645,S3-58290435,S2-108271234,S2-168693755,S2-173762661,S2-209031948,S2-229670283,S2-243000600,S2-277256085,S2-278126750,S2-290828268,S2-294367444,S2-312389419,S2-342597279,S2-357003732,S2-407471226,S2-422369724,S2-425729477,S2-447773653,S2-460963791,S2-473592357
S1-475780462	S3-333769538,S2-583159522,S3-343005706,S3-484610818,S2-30784388,S2-164515753,S2-689803475,S3-721002948,S2-516966210,S2-166697115,S2-467083395,S2-553478682,S3-280362070,S3-485614651,S3-998932173,S2-423226539,S3-102907936,S2-666865308,S2-504218214,S3-816616189,S2-710529545,S2-678818700,S2-868401175,S2-746584793,S3-905909682,S3-187858862,S2-558690420,S2-262246394,S3-159677245,S3-302514047,S3-57130736,S3-71801173,S3-31873806,S3-292672866,S3-32029110,S2-134906875,S3-275047655,S3-444700233,S2-121850609,S2-466675669,S2-535064687,S3-785642402,S2-480714205,S3-164638498,S3-292233530,S3-490233619,S3-15662773,S3-213285817,S3-956667999,S3-331030403,S3-306250479,S2-636956553,S3-701901697,S3-967403720,S2-76433795,S2-553022302,S3-557360813,S2-826544931,S2-953639271,S2-342814985,S2-836565477,S2-151425624,S2-340199325,S2-42628113,S2-725052869,S2-923890559,S3-533594092,S2-708595974,S2-857701046,S2-154472632,S2-666572381,S3-613210491,S2-721899964,S2-775244625,S2-803680263,S2-868194931,S2-9978715,S3-240415780,S3-440650040,S3-455296084,S3-528863322,S3-653115422,S3-707361879,S3-829171472,S3-84678866,S3-881414445,S2-327484301,S2-613660480,S3-464010962,S3-866209619,S2-791042329,S3-28307614,S2-344291839,S2-352101430,S2-443105865,S2-53574624,S2-537838417,S2-749091365,S3-105847977,S3-156599795,S3-175232877,S3-248894793,S3-303430224,S3-322714942,S3-541835370,S3-604068471,S3-658142271,S3-790983010,S3-85187872,S3-9155525,S3-931229797,S3-968899238,S3-605249396,S3-760632156,S2-997232041,S2-626888026,S3-256195479,S3-492748465,S2-234989325,S2-852800380,S3-144829936,S3-762010813,S2-987388445,S3-974551126,S2-255967469,S2-884420830,S3-740858428,S3-845111446,S2-1147944,S2-135930231,S2-392831564,S2-567885600,S2-11827956,S2-822955288,S2-523141334,S2-309663892,S2-322733877,S2-23883940,S2-683442074,S2-108834685,S2-292361484,S2-356342656,S2-74067143,S2-904167404,S2-992974767,S2-622674472,S2-132727640,S2-689994413,S2-484346534,S2-729469382,S2-519484837,S2-529086606,S2-951178231,S2-183451887,S2-249125585,S2-280387127,S2-360844347,S2-377981107,S2-432778592,S2-461948848,S2-506354310,S2-620169709,S2-71843270,S2-746620162,S2-749112078,S2-766847177,S2-974437384,S2-370543132,S2-130650294,S2-131815265,S2-357952967,S2-470637009,S2-563601720,S2-634104828,S2-640857247,S2-656093437,S2-742767177,S2-789731350,S2-837137873,S2-891159480,S2-961889586,S2-326270407,S2-333972573,S2-101492101,S2-112610365,S2-222087541,S2-26577880,S2-288866946,S2-341978882,S2-387400139,S2-399080744,S2-481491425,S2-481928111,S2-512823164,S2-573546608,S2-577169147,S2-584335982,S2-601930777,S2-617536358,S2-633798923,S2-662826012,S2-687039654,S2-716254505,S2-740006665,S2-791543650,S2-814975988,S2-895137678,S3-527226480,S3-776340920,S2-923951807,S2-120409400,S2-128376894,S2-165081592,S2-186123922,S2-238715582,S2-248066149,S2-288900588,S2-296710592,S2-336286093,S2-338288740,S2-346972161,S2-355639560,S2-357803050,S2-428132772,S2-456464362,S2-458841205,S2-612865440,S2-723499524,S2-726699078,S2-736873689,S2-845888179,S2-855107284,S2-884548733,S2-909512087,S2-986773803,S3-440521231,S2-391040584,S2-466490073,S3-576386370,S2-107481447,S2-131226851,S2-146190461,S2-171903513,S2-36375334,S2-36876768,S2-386808804,S2-395304867,S2-482457477,S2-524647524,S2-530246781,S2-556523981,S2-632113447,S2-640428076,S2-647164052,S2-666850326,S2-684660075,S2-711299161,S2-823771065,S2-97707625,S3-207045635,S3-965607782,S2-624219129,S2-109107040,S2-164216619,S2-298676060,S2-32471308,S2-392389070,S2-467059481,S2-478007630,S2-492027581,S2-510518160,S2-559357496,S2-578362381,S2-633200704,S2-644263140,S2-68117185,S2-69068244,S2-766891936,S2-781043048,S2-788752456,S2-791099826,S2-811161389,S2-840685862,S2-857703397,S2-863353574,S2-944536856,S2-122613758,S2-144098902,S2-150153388,S2-256616125,S2-285650370,S2-325280467,S2-413246019,S2-432075492,S2-434596694,S2-533957070,S2-633794554,S2-63911101,S2-656346248,S2-668710360,S2-67387565,S2-684647196,S3-917127433,S2-147693422,S2-264362280,S2-386405719,S2-463171766,S2-759821002,S2-937744561,S3-183306991,S3-419058611,S3-422401800,S3-491591623,S3-793883098,S3-803637669,S2-113414312,S2-146875000,S2-346063120,S2-388320428,S2-424130315,S2-440277875,S2-545437420,S2-5661633,S2-65290927,S2-700629418,S2-702882047,S2-776890756,S2-797668888,S2-949913611,S3-259381642,S3-264446913,S3-297713730,S3-321809205,S3-360047743,S3-380928295,S3-426283046,S3-429965106,S3-51294330,S3-552965405,S3-57324119,S3-590199253,S3-599418375,S3-661205642,S3-664742626,S3-761326100,S3-86585896,S3-869373121,S3-885604971,S3-889133266,S3-909416308,S3-931766209,S2-179196683,S2-252845591,S2-300220843,S2-326361044,S2-620276331,S2-793998432,S2-801388393,S3-108723955,S3-24553059,S3-249651739,S3-489425669,S3-70375401,S3-728382282,S3-842286553,S3-907769211,S2-265153715,S2-280655108,S2-765018838,S3-191346311,S3-350013180,S3-652917773,S3-80180926,S3-349500260,S3-118472419,S3-557614311,S3-785539018,S3-314486668,S3-873249144,S2-198158393,S3-163802879,S3-814689118,S2-308422668,S2-930588613,S3-117903503,S3-218279111,S3-448830748,S3-648817812,S3-390302262,S3-446390260,S3-824178020,S3-239126968,S3-965308302,S3-457891494,S3-680669983,S2-353524658,S3-326246337,S3-358408502,S3-591230699,S2-844101858,S3-935253216,S2-226152027,S3-47395623,S3-538456921,S2-817999287,S3-165650047,S3-208572086,S3-26910712,S3-710373574,S3-453284662,S3-722905432,S3-154760246,S3-642889222,S3-393004337
S1-355825506	S2-326049566,S3-809893152,S3-726283719,S3-982234834,S2-374947851,S3-104326312,S3-12621870,S2-13070715,S3-524918484,S3-957678380,S3-705728786,S2-28724667,S3-335164610,S3-580404419,S3-143073316,S2-468047715,S3-898788660,S3-569070831,S3-983593300,S2-780394567,S2-716118364,S3-670337714,S2-718926940,S2-121181410,S2-502551276,S2-148264078,S2-741237706,S2-21863849,S3-143379810,S2-69271108,S3-366388140,S3-839235546,S3-318814369,S3-626702206,S2-880374146,S2-150085286,S2-405026874,S3-789935496,S2-598408957,S3-364378158,S3-113232447,S3-252155364,S3-801990589,S3-726940884,S3-616247038,S3-5226935,S3-701151565,S3-723171188,S3-341739780,S2-87777411,S3-842276885,S3-87523946,S2-433493097,S3-767994874,S3-428138936,S2-189125919,S2-209705221,S2-232864081,S2-252867353,S2-340431598,S2-34405032,S2-365747337,S2-401581589,S2-412999265,S2-493442509,S2-514187756,S2-54158263,S2-720523177,S2-761339236,S2-781635972,S2-798322017,S2-867220422,S2-934318945,S2-945420948,S3-194559815,S3-226710388,S3-275539919,S3-31929245,S3-325510333,S3-414784111,S3-569574019,S3-603807086,S3-682496135,S3-869485186,S2-182277818,S2-221142951,S2-321200886,S2-352744084,S2-416086698,S2-428970514,S2-452045604,S2-475116605,S2-544140004,S2-549602554,S2-660052298,S2-727468432,S2-933631981,S3-106724829,S3-138885756,S3-171307889,S3-289967206,S3-427816583,S3-682026674,S3-721045299,S3-406805813,S2-121732665,S2-195608809,S2-235968029,S2-275036916,S2-344843560,S2-349548940,S2-368274457,S2-437563078,S2-447176161,S2-46488232,S2-555150848,S2-204059983,S3-545552330,S2-199799934,S2-581315765,S2-26532652,S2-634857787,S2-799451456,S3-146239107,S2-238715582,S2-843099261,S3-365118486,S2-500032869,S2-791315401,S3-42027064,S2-904170159,S2-265477436,S2-387543670,S2-435323953,S2-852418046,S2-86922989,S2-92028304,S3-731734658,S2-380665536,S2-691553261,S2-749650829,S2-77173590,S3-414299345,S2-390414763,S2-742999925,S2-11123311,S2-277916938,S2-44107222,S3-154852240,S3-629632630,S3-901883590,S2-370276888,S2-54472036,S2-950063836,S2-885854918,S2-95082434,S3-154514316,S2-126356600,S2-480271897,S3-604716685,S2-458477768,S3-126594794,S3-597787078,S2-298294483,S2-323405342,S2-220538032,S2-232399776,S2-312926141,S2-34721157,S2-387030527,S2-546807837,S2-557802090,S2-643730247,S2-682421664,S2-72937071,S2-747181313,S2-849762877,S2-912778038,S2-949107140,S3-120290671,S3-123639210,S3-294618628,S3-495224188,S3-72085169,S3-757329643,S3-850256348,S2-109779082,S2-15282122,S2-161958614,S2-18558882,S2-252426625,S2-262715736,S2-277603585,S2-328028002,S2-356676419,S2-373538699,S2-373921276,S2-380049411,S2-437474030,S2-474341898,S2-491504932,S2-499736229,S2-517395032,S2-529856711,S2-585913110,S2-61672054,S2-627112771,S2-634720517,S2-687777283,S2-693045379,S2-700490838,S2-72852491,S2-739061764,S2-743497651,S2-763809049,S2-76876259,S2-785129043,S2-793972015,S2-826223022,S2-84668507,S2-871071444,S2-876015292,S2-921840852,S2-930524768,S2-9369948,S2-960453451,S2-97766533,S3-124556203,S3-169395439,S3-170809070,S3-186364135,S3-338813655,S3-34469629,S3-367742095,S3-398957255,S3-405626778,S3-429094263,S3-453090896,S3-487488463,S3-522062909,S3-528300942,S3-533349311,S3-541785281,S3-550917722,S3-560282757,S3-566095807,S3-56726966,S3-572980424,S3-581253320,S3-599628475,S3-617206532,S3-647167834,S3-694941744,S3-699258935,S3-701813240,S3-711032565,S3-786946772,S3-815170590,S3-832338512,S3-858721170,S3-888198740,S3-89175618,S3-908364941,S3-909572860,S3-920197917,S3-931547373,S3-946699007,S3-96714138,S3-977917202,S3-999256540,S2-106122383,S2-133841049,S2-187394856,S2-201079916,S2-214616561,S2-258895109,S2-273300770,S2-274005557,S2-280557943,S2-376647291,S2-431124526,S2-46428650,S2-626696772,S2-64848210,S2-66067911,S2-675071378,S2-685213879,S2-733572835,S2-735461908,S2-775654705,S2-803472145,S2-821514283,S2-824242319,S2-831455534,S2-85963174,S2-875573917,S2-917209165,S2-950111816,S2-98519083,S2-999374853,S3-100488071,S3-123021049,S3-146613999,S3-182982462,S3-207959966,S3-208877768,S3-257224190,S3-314812292,S3-337452563
S1-326878571	S2-456984336,S2-567351720,S2-682481850,S3-288136312,S2-133613046,S2-929493918,S3-428653943,S3-982958123,S2-702084467,S2-743423846,S3-200960552,S3-218700887,S3-242029098,S3-33814286,S3-797124896,S2-425312556,S3-339868305,S2-950643104,S3-361542671,S3-957362873,S3-658039501,S2-877088909,S2-869084228,S2-598069607,S2-89609472,S3-368633838,S2-999043754,S3-398028225,S2-883313882,S2-147313012,S3-838634189,S2-50843012,S3-888917196,S2-281598566,S2-553515582,S2-741563452,S2-90639888,S2-99338501,S3-279001254,S3-359156975,S3-373477387,S3-478559697,S3-674745912,S2-144250269,S2-151325958,S2-284197235,S2-566955833,S2-632430354,S2-63490493,S3-125688401,S3-164802641,S3-223923941,S3-308173934,S3-705076408,S2-735907966,S3-618265435,S2-143519663,S2-515102247,S3-325269251,S2-161408341,S2-337166660,S3-122508176,S3-110065290,S3-163452585,S3-255694519,S3-732743122,S2-687218619,S2-469948261,S2-213768621,S2-179904830,S2-369290258,S2-382410273,S3-227784284,S3-926559882,S2-925753077,S3-250642795,S3-340255027,S3-987079800,S2-418999651,S2-817175373,S3-132829383,S3-411912193,S3-518163391,S3-784096735,S2-478977816,S3-882067040,S3-935530507,S3-126311753,S3-787124029,S2-857755468,S2-352368145,S2-174042735,S2-322413503,S2-445237295,S2-987355106,S3-383834792,S2-847083109,S3-363003888,S2-176830744,S3-15524190,S2-246544476,S3-683066081,S2-247848907,S2-257343827,S2-459216042,S3-366849220,S3-510782654,S3-996570174,S2-108603899,S2-231241054,S2-372496762,S2-429874284,S2-467006724,S2-503579117,S2-579383703,S2-946673422,S2-95001225,S3-165468557,S3-219866500,S3-244736769,S3-261655410,S3-309305064,S3-330167526,S3-351992236,S3-440910490,S3-446693954,S3-50392802,S3-521949478,S3-527181846,S3-839807928,S3-908364941,S3-913095882,S3-955817441,S2-106963586,S2-127961662,S2-451735183,S2-528198967,S2-841609998,S2-9564953,S3-130789050,S3-237097201,S3-26970460,S3-423642140,S3-435779479,S3-567150972,S3-691272943,S3-85185380,S3-989701790,S2-826510404,S3-84958680,S2-242747884,S3-649465123,S3-806036266,S3-398936561,S3-618744946,S3-990651899,S2-490193498,S3-775700958,S2-653168738,S2-727469469,S2-246763367,S2-271413858,S2-450391061,S3-55684803,S2-793353927,S3-486839870,S2-784880399,S2-27706219,S3-101012325,S3-130744884,S3-769667197,S3-187990639,S2-271107683,S3-646150501,S2-886615887,S2-792658790,S2-989214694,S3-52248052,S3-783793177,S3-998121818,S2-125136426,S2-188504389,S2-218163531,S2-262715736,S2-299377078,S2-33085154,S2-518707744,S2-553000742,S2-574871692,S2-613672916,S2-646511004,S2-649464365,S2-690461205,S2-716641180,S2-736707078,S2-76631425,S2-814939934,S2-835411277,S2-843497258,S2-89638992,S2-912896037,S2-915166707,S3-109613772,S3-199532065,S2-409356879,S3-851907928,S3-440914385,S2-265814323,S3-848237796,S2-275833923,S2-484301063,S2-59429552,S2-644197268,S2-713891557,S3-443109061,S3-463000050,S3-622087002,S3-65803892,S3-811766673,S3-19244522,S2-127596672,S2-291154735,S2-443394127,S2-472017486,S2-660052298,S3-142059828,S3-301471177,S3-665526351,S3-765525781,S2-963724963,S3-422707314,S2-303377221,S2-363210162,S2-394050377,S2-422419760,S2-542396185,S2-621048710,S2-668065179,S2-700121156,S2-959180514,S3-160731394,S3-313365226,S3-490873483,S2-21830978,S2-245081242,S2-738447408,S2-613040929,S2-19321160,S2-714951257,S2-465204400,S3-721688645,S2-399553252,S2-549316954,S2-170667711,S2-195615402,S2-199288578,S2-28093946,S2-325920121,S2-422746812,S2-455015390,S2-456029218,S2-47916559,S2-592779064,S2-634381467,S2-640033670,S2-64732118,S2-751183142,S2-83987061,S2-917523020,S2-948314304,S2-993426959,S3-444779864,S3-461178573,S3-586851839,S3-99259855,S2-351581395,S2-387493408,S2-634720517,S2-642208430,S2-690541911,S3-805633261,S3-483586464,S3-100660211,S3-114169913,S3-191462784,S3-239216241,S3-252037039,S3-30487988,S3-3069004,S3-356244013,S3-386139423,S3-432331318,S2-556790083,S3-395509351,S2-963516703,S3-239921616,S3-567485302,S2-321897069,S2-721170887,S3-694071764,S3-269797171,S2-106547964,S2-126912751,S2-225487337,S2-296468070,S2-325705370,S2-362854430,S2-373694071,S2-385008826,S2-385345071,S2-768968425,S3-772851991,S3-450979707,S3-509804705,S3-524880814,S3-568223690,S3-619703522,S3-636708519,S3-659832551,S3-771472353,S3-780756567,S3-973430464,S3-107814405,S3-125427951,S3-30401520,S3-402387262,S3-438582965,S3-551873919,S3-9663720,S2-58069867,S2-314450658,S2-522321440,S2-685064062,S2-416113240,S2-493442509,S2-832889803,S3-598056599,S3-832582716,S3-322638816,S3-809410312
S1-130607360	S2-725281890,S3-156336761,S2-784586069,S3-427291936,S3-331919832,S3-479086850,S2-522283529,S3-445180094,S3-928937669,S2-510491900,S2-731649889,S2-374719040,S2-131802163,S2-525351861,S3-19783335,S2-601422475,S2-940428883,S3-748927404,S3-574788513,S3-421438981,S2-619254005,S3-128361443,S3-304624309,S3-651348009,S3-949779692,S3-466392125,S3-941018740,S3-684422262,S2-147109343,S3-267612599,S3-488510516,S2-154595945,S2-47204282,S2-600654095,S3-944674848,S2-553478682,S2-556505028,S2-170645868,S2-311789538,S2-570340609,S2-968891419,S2-392020425,S2-632586430,S2-701134101,S2-782343339,S2-920970904,S2-339990155,S2-377209878,S2-972314150,S2-6267512,S2-629202100,S2-870361653,S2-179955574,S2-44119798,S2-495138845,S2-857347612,S2-381618636,S2-769089803,S2-796307136,S3-245431695,S2-265169195,S2-579425005,S2-767777259,S2-886770162,S2-657760126,S3-214165686,S3-302375350,S3-570588796,S3-395719921,S2-302161715,S2-213292264,S2-285650370,S2-745523880,S2-858354896,S3-211994492,S3-249328854,S3-561275873,S3-40087842,S3-813190883,S3-360230327,S3-932055942,S3-29736215,S3-748238997,S2-769999948,S2-61100848,S3-980916804,S3-17844251,S3-487396519,S3-539545513,S3-572708893,S2-40027015,S3-546348985,S3-943437906,S3-388104999,S3-439500127,S2-718993618,S2-392033053,S2-607407433,S2-693110087,S2-433245613,S2-104308013,S2-416038767,S2-481402013,S2-520726584,S2-796989512,S2-226692852,S2-797258397,S2-199840437,S2-928498106,S2-797795694,S2-35264828,S2-525685165,S2-540397892,S2-680442424,S2-178212695,S2-213832572,S2-372383771,S2-446198286,S2-796706140,S2-675502314,S2-299993074,S2-600449438,S2-686597778,S2-530670273,S2-577968162,S3-867115590,S3-898174850,S2-157248407,S2-490423795,S3-71412150,S3-945799405,S2-150211271,S3-206981678,S3-216113339,S3-303430224,S3-336965640,S3-782919959,S2-196735620,S2-556584285,S2-845903163,S2-9229261,S3-123527148,S3-33393,S2-764567871,S2-847640816,S2-955045795,S3-134905700,S2-762372955,S3-309833828,S3-388607209,S3-583958422,S3-625596740,S3-632142608,S3-835246733,S3-995302883,S2-398333144,S3-834094776,S2-123566435,S2-125830876,S2-629660798,S2-642264453,S2-953917430,S3-636114913,S2-43416115,S2-516917085,S2-418048813,S2-915009796,S2-501097222,S2-155316055,S2-318393550,S2-364934126,S2-8122005,S3-751154592,S2-229120335,S2-43311073,S2-470503697,S3-280354836,S3-513158761,S3-412491515,S3-350102428,S3-999581255,S2-7360410,S3-613688844,S3-878417401,S2-823839432,S2-87211092,S2-440270104,S3-347127509,S3-335096563,S2-767651424,S2-452305888,S2-151894600,S2-214297318,S2-222363331,S2-302722256,S2-419647870,S2-444337157,S2-461914790,S2-476222241,S2-48139807,S2-658113425,S2-773930921,S2-821809302,S2-892001136,S3-105963730,S3-1300536,S3-203401475,S3-468111174,S3-494902065,S3-508988789,S3-610919237,S3-745860038,S3-769509656,S3-846645501,S2-10673010,S3-408094689,S3-585431715,S2-603388606,S2-316808744,S2-840769875,S3-860812542,S2-626804059,S2-118714056,S3-405410284,S2-192140799,S2-413404132,S2-461813880,S2-564528317,S2-729308344,S2-788955150,S2-890797609,S2-987403652,S3-137819469,S3-191426924,S3-252677509,S3-285474203,S3-415938405,S3-557476587,S3-741412183,S3-829008588,S2-820638181,S3-911261279,S2-681134796,S3-931164975,S2-938134638,S3-786526567,S3-632726300,S3-835154279,S3-970529545,S2-779255602,S2-726811942,S2-569953798,S3-120543540,S2-252920864,S3-315499610,S3-137140950,S3-967403720,S2-269803884,S3-136253360,S2-925605183,S2-343505896,S2-17212306,S2-235942425,S2-181036009,S2-833745937,S3-236803466,S2-583573246,S2-741561346,S3-105790538,S2-465358481,S2-535413357,S2-80239682,S2-608705208,S3-331536941,S2-832531339,S2-112680616,S2-775619492,S3-355453585,S3-669716216,S3-930090571,S2-135563096,S2-218552875,S2-619581675,S3-28102926,S3-35593104,S3-727855373,S3-823706130,S3-663494250,S2-205186251,S3-36224725,S3-891784529,S3-23428580,S3-873388989,S2-130702200,S2-19466635,S2-201270025,S2-207544647,S2-227705209,S2-237870293,S3-708927767,S3-408016316,S3-143763830,S3-540803964
S1-392468643	S2-578978961,S3-313537536,S2-783690348,S3-250484632,S3-290398669,S2-177108888,S3-250783301,S3-565690302,S3-590226480,S3-839358550,S2-28581878,S3-377766405,S2-147237168,S2-122883038,S2-269202395,S2-813336031,S2-92962900,S3-859361823,S3-979868435,S2-264095475,S2-455343958,S2-659728805,S2-957362060,S2-986687469,S3-462596245,S3-503852594,S3-555500997,S3-867640981,S3-488133866,S2-751058119,S3-456743076,S3-801038816,S3-92806113,S2-333705841,S3-867798008,S2-780955432,S2-241908719,S2-327999885,S2-991297451,S3-627633134,S3-731718003,S2-445112824,S2-920867429,S3-109684962,S3-270432993,S3-352719982,S3-49719501,S3-626938641,S3-716783816,S3-790701087,S3-798901652,S3-977917202,S2-530045251,S2-411247885,S2-784944452,S3-325798136,S2-782195473,S2-231151276,S2-518329126,S2-597923748,S2-68002820,S2-70583437,S2-763742793,S2-950311360,S3-256872917,S3-345728693,S3-770036533,S3-974848515,S2-152195064,S2-194143929,S2-19952497,S2-536833436,S2-6995731,S3-374502898,S3-774496856,S3-870732234,S3-953067717,S2-76867970,S3-403591837,S3-664089163,S3-696395111,S3-855144775,S2-296080306,S3-474243221,S3-276189201,S3-362320530,S2-619991015,S3-175761922,S3-374624447,S2-964871797,S3-3923964,S3-686659623,S2-160590126,S2-56372694,S3-917395068,S2-641893389,S2-780947586,S2-920943157,S2-945357046,S2-216565361,S2-600496218,S3-518444684,S3-634787943,S3-665150793,S3-429980052,S2-538800945,S2-438850777,S3-112353707,S3-146505105,S3-191408999,S3-991813017,S3-511173484,S2-479496068,S2-519245587,S2-181338415,S2-42122908,S2-582436648,S2-705935429,S3-500349142,S3-527852190,S3-565407508,S3-625837147,S3-808614443,S2-159319896,S2-555741216,S2-627312289,S2-628200291,S2-695871010,S3-793555956,S2-703969643,S3-801524088,S2-473433407,S3-82761046,S3-942946939,S2-331642210,S2-397446746,S3-2004674,S2-28282416,S2-947154344,S3-237520259,S3-467575343,S2-862727387,S2-692416675,S3-537636664,S3-855251667,S2-894309768,S2-602075710,S2-85664604,S3-10058625,S2-16308415,S2-183434475,S2-279440434,S2-360700199,S2-378579762,S2-401119330,S2-480000018,S2-731711054,S2-734795751,S2-793289117,S2-88068707,S2-947441533,S2-952737816,S3-128474315,S3-152569922,S3-161728665,S3-167490062,S3-233249943,S3-233765196,S3-253526915,S3-255976941,S3-335218157,S3-337777121,S3-347999943,S3-478216742,S3-521693736,S3-615392095,S3-685754601,S3-686341519,S3-706998448,S3-73915621,S3-763410106,S3-835700427,S3-855734375,S3-859430822,S3-861774252,S3-884380581,S3-904692443,S3-915570090,S3-944991246,S3-979075277,S2-104459433,S2-142967036,S2-143476402,S2-148140096,S2-159538359,S2-166779959,S2-168400221,S2-192273834,S2-209829881,S2-230455505,S2-235109708,S2-27180292,S2-290030459,S2-316371051,S2-385008826,S2-385575909,S2-412546839,S2-425803410,S2-511501492,S2-686301766,S2-707595149,S2-718354125,S2-763446823,S2-849146694,S2-883382020,S2-899331967,S2-908477365,S2-916088759,S2-96263848,S2-983094190,S3-107283040,S3-109232010,S3-138512134,S3-149948925,S3-16408070,S3-205477185,S3-220743499,S3-259059495,S3-309307674,S3-33814286,S3-378821641,S3-990880789,S2-676036661,S2-745769418,S3-506950502,S3-822523423,S3-832722721,S3-752591484,S3-317464897,S2-149492133,S2-485478249,S2-615702736,S2-795577857,S2-122255487,S2-158814706,S2-183582879,S2-211393601,S2-225891148,S2-241646210,S2-265497800,S2-440895323,S2-460305361,S2-57634325,S2-684663630,S2-689562426,S2-727348581,S2-841896499,S2-867528320,S2-94669552,S3-72377071,S2-273478635,S2-296249445,S2-391902436,S2-680405765,S2-691110862,S2-746488412,S2-106547964,S3-234442226,S3-290397767,S3-486961254,S3-706170863,S3-876183727,S3-113443834,S3-19097842,S3-260623864,S3-264102802,S3-275760660,S3-280008917,S3-321664738,S3-352594609,S3-36575804,S3-384847714,S3-444899017,S3-692007565,S3-738059610,S3-826202680,S2-10081462,S3-160712237,S3-518048301,S3-401878142,S3-565524167,S3-637780173,S2-684574274,S3-942713515,S3-34127121,S2-528603811,S3-433483693,S3-651493500,S2-735105676,S3-328453648,S2-120818422,S2-537762092,S3-155069040,S3-94661199,S3-949718110,S2-373298676,S3-209242449,S3-704109071,S2-398333144,S3-146283806,S3-571774668,S3-858305831,S2-692669422,S2-973944828,S3-327760108,S3-86585896,S3-252557733,S3-277462161,S3-343333930,S3-837319930,S3-921189902,S3-197202075,S3-44730973,S3-714395162,S2-445026391,S2-947685638,S2-90887116,S2-289246085,S2-156160319,S3-62389053,S3-205438605
S1-92083820	S3-704842593,S2-842992138,S2-290828268,S2-307638112,S3-173158971,S3-722184823,S2-239137344,S2-349848,S3-322638816,S2-544675895,S2-646065181,S3-112844202,S3-883279089,S2-709357382,S2-983936057,S2-355181074,S3-605665644,S2-202331504,S3-607586685,S2-412141814,S2-380422647,S2-813808763,S3-191717935,S2-654317164,S2-895930405,S2-58490849,S2-131272424,S2-178260125,S2-544140004,S3-44344315,S3-700664734,S3-747058108,S3-755863570,S2-274323932,S2-901703901,S3-503147711,S3-638120198,S3-445587604,S3-439237243,S3-12917194,S3-196048635,S2-669430640,S3-291120068,S3-91366188,S3-899192473,S2-240309710,S2-861979543,S3-191210879,S3-386459314,S3-438482348,S3-834286254,S2-303072506,S3-109425495,S3-215550382,S3-939563000,S2-809729300,S3-266104992,S2-368466361,S2-191668837,S2-991194114,S2-993024166,S3-583112316,S2-503717022,S3-915964875,S2-382372158,S3-175820249,S3-39593756,S2-498234453,S3-159454607,S3-465945434,S2-747685386,S2-739861033,S2-999993528,S2-643387638,S3-957006069,S2-806791187,S2-150110038,S3-924234119,S2-188846851,S2-228205335,S2-36520628,S2-954976444,S3-152569922,S3-351996923,S3-472574594,S3-557662983,S3-576901927,S3-660048056,S3-722604540,S3-746961335,S2-187079993,S2-228400210,S2-835048050,S2-845568746,S3-289049962,S3-493234719,S3-62076325,S3-635828037,S2-509734048,S2-952905437,S3-131505844,S3-936065142,S3-149427594,S2-575538099,S2-910546871,S3-31283784,S3-506232103,S2-107331464,S2-213397791,S2-826584049,S2-836432604,S2-372383259,S2-258614003,S2-711973229,S2-178175033,S3-265062537,S3-15311650,S2-186178730,S2-239458860,S2-281423063,S2-296463714,S2-341992517,S2-436310182,S2-665326571,S2-952828776,S3-14196138,S3-316860528,S3-486590479,S3-68490065,S3-767606702,S2-104459433,S2-12953021,S2-206769996,S2-413329163,S2-810628151,S3-101587295,S3-204300421,S3-403477472,S3-713774909,S3-717348279,S3-726700473,S3-72856361,S3-819092948,S3-940698144,S3-999886432,S2-217862545,S2-23175165,S2-388443696,S2-563402958,S2-704724661,S2-84792322,S3-155775636,S3-168761278,S3-46588744,S3-81197392,S2-164432455,S3-174828833,S3-289120095,S3-407780476,S2-801916880,S3-430746651,S3-492761322,S2-721861105,S2-767123433,S3-213271333,S2-315339851,S3-60578132,S3-329491640,S3-384484004,S3-425849815,S2-281736733,S3-171813532,S2-118955682,S2-122255487,S2-18747567,S2-342266381,S2-533526247,S2-541456727,S2-607498873,S2-670048491,S2-682931186,S2-886623521,S2-923078912,S2-985819343,S3-105436911,S3-159328538,S3-398785547,S3-464608719,S3-561785906,S3-677479287,S2-176554940,S2-214085294,S2-278500374,S2-293867846,S2-295222107,S2-336885914,S2-352868604,S2-361450827,S2-445459757,S2-503617657,S2-522321440,S2-550495193,S2-684213392,S3-214821939,S3-253704117,S3-278378439,S3-342387960,S3-430452073,S3-473318951,S3-492234212,S3-580342444,S3-582744953,S3-633976359,S3-69534789,S3-843233800,S3-856846954,S3-858434633,S3-952624336,S2-346392221,S2-415442882,S2-488923032,S2-854703236,S2-558209173,S3-143180638,S3-40318350,S2-764269449,S3-333312383,S2-165857928,S3-938180775,S3-125412924,S3-653684091,S2-460198659,S2-99790327,S2-290181599,S2-460963791,S3-644074945,S3-754766471,S2-118953484,S3-120791060,S3-708447420,S2-474341898,S2-559181415,S2-651204060,S3-221297240,S2-642658585,S2-536971997,S2-540625487,S2-591051235,S3-422366997,S2-224890073,S3-778067169,S3-628426346,S2-286686052,S2-304318656,S2-311413335,S2-361142376,S2-39905798,S2-498730059,S2-537097182,S2-579256423,S2-626695290,S2-87593190,S3-106724829,S3-117583845,S3-187395745,S3-352468195,S3-55102982,S3-607934316,S3-629989339,S3-761862155,S3-803704780,S3-943624241,S3-965471205,S3-975964237,S3-926192618,S2-41714063,S2-866296706,S3-38857796,S3-779336197,S3-52820198,S2-211393601,S2-483128621,S2-542996270,S2-588688461,S2-732742668,S2-803472145,S2-941515654,S2-965227992,S2-997530182,S2-930812333,S2-566955833,S2-818301875,S2-330819077,S3-127878847,S3-279875723,S2-22731666,S3-989666656,S2-19541396,S2-567693758,S2-842568245,S3-197745201,S3-913095882,S3-52739652,S2-127034337,S2-193611017,S2-214318709,S2-336135229,S2-402379449,S2-404028040,S2-407891635,S2-514187756,S2-863698986,S2-879064402,S2-900825296,S2-904310154,S2-947860510,S2-98148929,S3-13948687,S3-367915311,S3-506950502,S3-600304759,S3-667060134,S2-419941196,S2-492184359,S2-904383492,S2-930527182,S3-583226139,S2-280387127,S2-997774392,S3-866004391,S2-205028682,S3-174604917,S3-490233619,S2-530263247,S3-346200239,S3-507229625,S3-705307659,S2-33343733,S2-344696480,S2-448937317,S2-574918847,S2-693854177,S2-882164246,S2-10176033,S2-170012418,S2-296486940,S2-612317155,S2-955399531,S3-923536733,S3-936074457,S2-98386146,S3-580309875,S3-818333971,S3-328413826,S3-631788322,S3-64402521,S3-420869862,S3-559929511,S3-768657565,S2-403139338,S2-781846339,S2-510584185,S2-125830876,S2-691408952,S2-540581097,S2-300220843,S2-862062914,S3-326221214,S2-620874008,S2-438520791,S2-613230300,S3-224547275,S2-672366556,S3-623959851,S2-899306225,S3-938983008,S3-778548931,S3-949440786,S3-998779231,S3-984583328,S3-156706613,S2-172544818,S3-487126858,S2-121027517,S2-144612746,S2-178235748,S2-205186251,S2-36696274,S2-561685580,S2-632257820,S2-65290927,S2-674106098,S2-701028361,S2-85963174,S2-874123012,S2-899349222,S2-913974105,S2-95353130,S3-123021049,S3-760046723,S3-837960223,S3-86168711,S2-23294007,S2-435191522,S3-14157362,S3-700141051,S2-737497091,S2-156706477,S2-62876439,S2-859753459,S2-605256376,S3-145690545,S3-204606536,S3-476432769,S2-105988953,S2-23725627,S2-875003244,S3-988416608,S2-128743462,S2-357933038,S2-645997376,S2-72003653,S3-462305292,S3-479681954,S3-601228002,S3-6129126,S2-832182494,S3-120594556,S3-121295239,S3-602456560,S3-77506816,S3-798992020,S3-95548997,S2-306817303,S3-416991519,S3-989309430,S3-293902419,S3-779326376,S3-249610172,S3-639615275,S3-690066202,S2-497196081,S2-298040202,S2-904316891
S1-571614447	S2-358903335,S3-125456814,S3-859703633,S3-695718257,S3-770372410,S2-966740996,S3-220586022,S3-229806487,S2-426931550,S3-237873652,S2-108778785,S3-994963795,S2-117815377,S2-248121488,S2-417874841,S2-420250864,S2-442366972,S2-478065342,S2-664411973,S3-206458590,S3-236379847,S3-378874892,S3-410751821,S3-848741972,S3-889688127,S3-891592180,S3-952273263,S3-998106852,S2-120667716,S2-394533528,S3-507243930,S2-205269884,S2-234924484,S2-288158896,S2-341527643,S2-381939990,S2-46920549,S2-473837952,S2-704724661,S2-861750210,S2-910753015,S2-931416755,S2-978578094,S3-107359553,S3-120801242,S3-386514083,S3-44294585,S3-577288871,S3-788125887,S3-858798829,S3-989309430,S2-291512562,S3-655618597,S2-451734059,S2-777334182,S2-870644121,S2-910546871,S3-820810321,S2-431526955,S2-876120529,S2-854405874,S3-809012832,S2-1147944,S2-184042840,S2-359094927,S2-767717807,S2-831342420,S2-93486973,S3-191344749,S3-746391404,S3-882340998
S1-20363275	S3-975399217,S2-300450250,S2-825304996,S3-390214233,S3-733786943,S2-709637686,S3-552614104,S2-645997376,S2-961640863,S3-277762779,S3-673586572,S2-664796100,S2-132519044,S2-766885663,S3-160731394,S3-38569526,S3-390960535,S3-542521844,S2-341451022,S3-224547275,S2-19075506,S2-392284995,S2-45199094,S2-574461794,S2-703504021,S2-711226965,S2-785398887,S2-790940737,S3-146918993,S3-281487643,S3-580838895,S3-604793427,S3-615166544,S3-878879763,S2-460416934,S2-781721751,S3-808614443,S3-991180177,S2-209772837,S2-214003027,S2-447176161,S2-459079193,S3-125582899,S3-287036609,S3-711989624,S3-746961335,S2-843266074,S3-733530524,S2-739630226,S2-330192942,S2-356847933,S2-415396944,S2-665677860,S2-6697250,S2-992484294,S3-609071481,S3-755863570,S3-78372592,S3-882411632,S2-310398203,S2-510828580,S2-993563338,S3-141560810,S3-364337010,S3-518924312,S3-670184964,S3-903613962,S2-414122235,S2-48423582,S2-551769746,S2-259294281,S2-846857348,S2-16834898,S3-218444998,S2-640545447,S2-120659240,S2-158814706,S2-339697808,S3-136640107,S3-432840066,S2-258369008,S3-409715882,S2-21066943,S2-664278968,S2-783690348,S3-189888039,S2-928769613,S2-48571310,S3-205564521,S3-235018566,S3-65295316,S2-30976481,S2-87034955,S2-90652066,S3-437308134,S3-593580544,S3-739052278,S3-745155514,S2-811708112,S3-26219153,S3-756164960,S2-178842408,S2-220227301,S3-670445710,S3-946545183,S2-239040814,S3-661052651,S3-747794335,S2-636274159,S2-966574549,S2-248503120,S2-726887863,S2-74073795,S2-959329218,S3-12237516,S3-139458262,S3-154839011,S3-285935417,S3-359914595,S3-444514857,S3-613841244,S3-644636080,S3-649576380,S3-674908403,S3-729732293,S3-750506494,S3-941630431,S2-107767010,S2-128743462,S2-266713570,S2-28902010,S2-615553314,S2-68682632,S2-73834759,S2-817025219,S2-905396622,S2-938675125,S3-110076913,S3-176533714,S3-185592654,S3-219021911,S3-226933172,S3-248234714,S3-41274554,S3-419830532,S3-511033395,S3-686241245,S3-776971960,S3-833244710,S3-853018826,S3-855635019,S3-86900303,S3-902949344,S3-933221775,S2-343706123,S2-413014168,S2-649963571,S2-663038562,S2-712970598,S2-792995620,S2-853931828,S3-165461328,S3-255480347,S3-334894307,S3-682822947,S3-848237796,S3-853480306,S3-872738080,S3-897565104,S2-641893389,S2-751927754,S2-966922214,S3-288792359,S3-33631917,S3-708046204,S3-71544256,S2-318056069,S2-602491269,S3-107312321,S2-914350738,S3-746150067,S3-129723789,S2-262397929,S2-43829599,S2-440883221,S2-456246243,S2-585622031,S2-646706721,S2-811862003,S2-876015292,S3-254807975,S3-503428163,S3-613918958,S3-698226302,S3-832343815,S3-978785317,S2-327416248,S2-569394132,S2-537266745,S2-573216961,S3-120034783,S2-239631384,S2-508040101,S3-217386018,S3-261395963,S3-610472858,S3-86249035,S3-707584705,S3-971753744,S2-203217838,S2-507396334,S3-138848802,S3-303428579,S2-212807991,S2-229266627,S2-230686386,S3-316818200,S3-735107556,S2-892090231,S2-902656741,S3-583244615,S3-179068972
S1-923638972	S2-257434458,S3-576948340,S3-379319611,S3-334196164,S2-184661326,S2-392065962,S3-275402594,S2-358724081,S2-806198333,S2-564226914,S3-673882322,S3-197995039,S3-496725749,S2-35868794,S2-634103200,S2-685213879,S3-91854946,S2-475038352,S2-249296501,S2-264056522,S3-139702853,S3-624217981,S3-229462616,S3-866323315,S3-519983086,S2-368466361,S2-360007993,S2-511801517,S2-543430100,S2-56510845,S2-636219558,S2-648965672,S2-746029453,S2-749244661,S2-751286709,S2-764490228,S2-7949031,S3-309512815,S3-502414715,S3-650613436,S3-731718003,S3-979075277,S3-979707052,S2-194143929,S2-492391223,S2-570394714,S2-762505351,S2-790533971,S2-955457705,S3-114239641,S3-137028035,S3-178471764,S3-256708526,S3-327090678,S2-308810535,S2-311439337,S2-786807368,S3-105013962,S3-169273811,S3-529841787,S2-790540191,S3-404520092,S3-525040497,S2-58786536,S3-285281298,S2-365396830,S3-438858573,S3-326483874,S3-812554610,S3-53174629,S3-707418219,S2-617522128,S3-133662697,S2-679779813,S3-28346972,S3-705535351,S3-989705057,S2-233387623,S2-536971997,S2-713891557,S2-843140928,S2-942655742,S3-442955349,S3-695831343,S3-736912190,S3-760066923,S3-81961062,S3-98141919,S3-648648158,S3-186043324,S3-578831137,S2-131759976,S3-705182410,S3-76297899,S2-129627778,S2-24700222,S2-393221366,S2-419852716,S2-433493097,S2-459600079,S2-49578854,S2-638284561,S2-873830053,S2-983122318,S3-689983300,S2-310787885,S2-510759098,S2-961598355,S3-100331268,S3-3572223,S2-338943756,S3-67295480,S3-47117632,S2-130186554,S2-164214993,S2-221142951,S2-245705443,S2-300963801,S2-344843560,S2-367339358,S2-453510970,S2-492493162,S2-577403429,S2-626846120,S2-642751308,S2-769096228,S2-89776567,S2-965181563,S3-169816270,S3-229399899,S3-240385515,S3-326793207,S3-338813655,S3-373721184,S3-390308939,S3-502069140,S3-611229997,S3-665894969,S3-727855373,S3-74645032,S3-780395,S3-873954779,S2-927566365,S2-48423582,S2-809754300,S2-135563096,S2-147062682,S2-202331504,S2-209758739,S2-216149204,S2-311971756,S2-357511224,S2-403614376,S2-416086698,S2-418690467,S2-529249008,S2-535322466,S2-541513222,S2-576779494,S2-577352538,S2-622895934,S2-786974788,S2-816005811,S2-896563482,S2-970298138,S2-992065236,S3-120791060,S2-282083151,S2-388601734,S2-841888071,S2-851885281,S3-280058635,S3-719820656,S3-129869879,S3-272580897,S3-691172951,S3-796964324,S2-239364951,S2-755547575,S2-8113446,S3-295938872,S3-45751786,S3-520072200,S3-607938015,S3-623559454,S3-658668697,S2-116397957,S3-133908377,S2-833422443,S2-436272880,S2-318728838,S2-93356590,S2-308806691,S2-385927073,S3-473666800,S3-947790516,S3-97510537,S3-243370165,S3-340769444,S3-487557051,S3-658316131,S3-699793062,S3-701766276,S3-75240326,S3-792944478,S3-810571733,S3-995907329,S3-350192085,S3-406686591,S3-457734086,S3-501745763,S3-511720850,S3-5560719,S3-754341147,S3-879693094,S3-423642140,S3-775174470,S3-120232732,S3-366132120,S2-805446212,S2-884771340,S3-403021287,S3-687857916,S2-704192494,S2-791621119,S2-883893673,S3-432451019,S2-739032316,S2-765468617,S3-338563540,S3-927331913,S2-880374146,S2-685379201,S3-849149219,S3-264405709,S2-99045039,S3-221303804,S3-453411994,S3-577670450,S3-652830045,S3-835180120,S2-619492634,S3-717591053,S3-22487768,S2-90790535,S2-415207847,S3-857063397,S2-534963369,S2-770994830,S2-819339932,S3-107769871,S3-162974180,S3-183286775,S3-197897717,S3-215371645,S3-310535456,S3-544597681,S3-571071597,S3-763410106,S3-976063890,S2-976582107,S3-177251463,S3-226751135,S3-494558531,S3-63824662,S3-714683937,S3-786946772,S3-788766682,S3-812597798,S2-173751757,S2-349644955,S2-599694728,S3-110741559,S3-221151668,S3-553784487,S3-569433084,S3-74835574,S3-884554873,S3-956391995,S3-972548672,S3-20183816,S3-217712072,S3-267940618,S3-303593224,S3-39824578,S3-441963545,S3-500809978,S3-505464698,S3-595366008,S3-606431824,S3-637728427,S3-918015784,S3-372839210,S3-552322702,S3-603807086,S3-71626844,S3-870912221,S3-443718069,S2-145355106,S3-117167601,S3-168595840,S3-192910909,S3-211806469,S3-241176483,S3-34228601,S3-345350769,S3-390960535,S3-55339773,S3-585036835,S3-911500177,S3-937584280,S2-142754269,S2-14617715,S2-259103412,S2-300984895,S2-302083303,S2-326033822,S2-532235383,S2-572961953,S2-63186534,S2-67519146,S2-721004759,S2-729033534,S3-104776547,S3-105268949,S3-115082707,S3-12025926,S3-130257626,S3-138500929,S3-147628741,S3-149047713,S3-149948925,S3-166194351,S3-197818765,S3-204314285,S3-213325586,S3-221147988,S3-224696426,S3-22645361,S3-227488041,S3-253971083,S3-25753881,S3-260010585
S1-412767091	S2-410234199,S3-956047758,S2-482258780,S2-600801997,S2-988346611,S2-646265439,S3-405797489,S3-31550670,S3-289986154,S3-740471913,S3-79769825,S2-146413778,S3-210663709,S2-260709587,S2-540155056,S3-92890536,S2-667411450,S3-962161125,S3-603249158,S3-609631387,S2-803457314,S2-592116734,S3-512120899,S2-587194391,S3-603656966,S3-171457347,S2-517639589,S2-602703475,S2-90334393,S2-747336042,S2-264428602,S3-227527308,S3-899460935,S3-800951090,S2-753657306,S3-201019591,S3-607556405,S3-854365899,S3-911261279,S3-928363452,S3-946349892,S3-142879225,S2-70966265,S3-149756322,S3-905435362,S2-216412989,S2-944655321,S3-972406740,S2-533031812,S3-745253479,S2-30241818,S3-647755998,S2-932645614,S3-480750665,S2-777069266,S2-787008317,S3-29812071,S2-230497471,S3-789618178,S3-182337711,S2-75004579,S2-963803736,S2-374946496,S2-553478682,S2-198208453,S2-252760119,S2-798735848,S3-567198830,S3-970939690,S2-353314819,S3-936815194,S3-607438917,S2-682016022,S3-578991083,S2-956592169,S3-241791933,S2-577968162,S3-852808639,S2-691666356,S3-908967409,S2-301111347,S3-460949616,S3-320314959,S3-731783426,S2-645014546,S3-162598364,S3-582505954,S3-567055196,S3-29736215,S3-644590063,S2-381435251,S2-983475256,S2-211317910,S3-110652675,S2-396298628,S3-540422908,S3-909821025,S2-495592010,S3-520723113,S2-269451210,S3-67499233,S2-740670861,S2-368283295,S2-862828479,S2-95562548,S2-753550727,S2-520739451,S2-562347588,S2-814548873,S2-917360257,S3-796356,S2-329069056,S3-35289208,S3-161040137,S2-501281381,S3-898174850,S3-325483528,S3-537300573,S3-136198374,S3-707788222,S3-508888311,S3-678615135,S2-142541214,S2-873307030,S2-730464597,S3-453172255,S3-123842480,S3-873404473,S2-903875813,S3-706812325,S2-436272880,S2-208136778,S2-116816968,S3-160845241,S3-973420482,S3-219120315,S3-729418189,S2-3579133,S3-220409153,S2-87266340,S2-654465335,S2-670245102,S3-477759692,S2-939258193,S3-374586248,S3-35623485,S3-256105601,S2-79632662,S3-947856020,S2-204710271,S2-791668620,S3-168870234,S3-958567104,S3-66761626,S3-123371678,S2-459902289,S2-243505478,S2-938041462,S2-773681606,S2-123566435,S3-176311146,S2-456464362,S3-110959008,S3-635100416,S3-127761565,S3-779326376,S2-633794554,S3-401029771,S3-9178284,S3-197658915,S3-638238849,S2-137647219,S2-3327455,S2-367662228,S2-506354310,S3-440858640,S3-799217053,S2-230030998,S2-507587177,S2-890544495,S3-143882764,S3-262577349,S3-395632564,S3-717285213,S3-958894449,S3-380328258,S2-967271180,S2-946597461,S3-210248784,S3-483413437,S3-881607600,S2-510485429,S2-712274785,S2-134283055,S2-499239961,S2-563313124,S2-674877723,S3-740849867,S2-151986733,S2-568854359,S2-756653786,S2-988284809,S2-51071092,S2-601637578,S2-753316057,S2-403685864,S2-338328091,S2-250782308,S2-331371200,S2-406400595,S2-592683391,S2-898625253,S2-2968685,S3-518510062,S3-925647612,S3-747828280,S2-58784966,S2-1830148,S2-925231581,S2-358242450,S2-462132115,S2-151061065,S2-407343361,S2-722472889,S2-602990194,S2-973327148,S2-530670273,S3-867115590,S3-25889065,S2-419714026,S3-108857172,S3-185982940,S2-838803600,S2-643973384,S2-792622599,S3-34008668,S3-224192107,S2-882380214,S3-4694849,S3-952565210,S3-989543431,S3-555991195,S3-152380844,S2-285049542,S3-80688559,S3-981242347,S3-500082956,S2-12657775,S2-462566968,S2-149878562,S2-859161843,S2-354229600,S2-42772591,S2-596940632,S2-266961989,S2-826242335,S2-983272971,S2-104809767,S2-478989496,S2-254963747,S2-536528288,S2-441794849,S3-52867325,S2-647065449,S3-766303339,S3-979781083,S3-455829707,S3-516873688,S2-342961045,S2-923941121,S2-687210233,S2-774170553,S2-525164410,S2-587708381,S2-661331587,S2-913815805,S2-958250885,S3-407068031,S2-642264453,S2-953917430,S3-603792747,S2-762088765,S2-293076786,S2-788786779,S2-16535264,S2-872526861,S2-111257253,S2-220486158,S3-625596740,S2-430294225,S3-484313380,S2-994379531,S3-87294473,S2-19063388,S2-220912280,S2-624895017,S2-901563325,S2-569507479,S2-810715462,S2-469244441,S2-523019490,S2-591951388,S2-756102292,S2-559425460,S3-924477421,S2-616397268,S2-236682147,S2-33817347,S2-755260429,S3-451093072,S2-872501610,S2-867692949,S3-634703243,S2-384372804,S3-342071238,S2-975807990,S2-976141734,S2-168336318,S2-281892766,S2-426185991,S2-434444193,S2-737923408,S2-767717807,S2-422298588,S2-668241255,S2-239422254,S2-579577448,S2-783890581,S3-584569775,S2-650158622,S2-737870636,S2-317456445,S2-371987908,S2-407601477,S2-64431076,S2-175375839,S2-763273157,S2-195064859,S2-79372882,S3-137878495,S2-519581409,S2-338094304,S3-478064835,S3-918437307,S3-429557528,S3-51314843,S2-150072294,S3-38779338,S2-363314201,S3-905764301,S2-59295927,S3-863184380,S3-983894680,S2-768853898,S2-996125539,S3-242115467,S2-117179217,S3-29105348,S3-94501499,S3-780445202,S2-4599204,S2-60704958,S2-626127084,S3-293286259,S2-157129533,S2-261578192,S3-266245277,S2-777136913,S3-759641101,S2-140536408,S2-369303408,S2-518140915,S2-677176429,S2-908477365,S3-516892884,S3-721498188,S2-341247331,S3-472497497,S2-306817303,S3-385394030,S3-629362952,S2-927566365,S3-846646286,S3-275367921,S3-650008669,S3-175370387,S2-14617715,S2-234314455,S2-314320143,S2-357026954,S2-404948075,S2-419130269,S2-550677111,S2-610341455,S2-629448039,S2-643603067,S2-930524768,S3-28346972,S3-347847939,S3-573645632,S3-674002008,S3-76926066,S3-841245869,S3-85291248,S3-889831177,S3-933913254,S2-196465463,S2-218210699,S2-294472803,S2-303072506,S2-640981478,S2-661497856,S2-700490838,S2-876120529,S2-920722115,S3-182737580,S3-304438470,S3-401916459,S3-489500391,S3-515851992,S3-707244197,S3-294618628,S3-335297164,S3-753829908,S2-160590126,S2-687777283,S3-511717383,S3-54504865,S3-549099179,S3-318002039,S3-705132017,S3-78133020,S2-897243823,S3-549647842,S2-392159163,S2-758738090,S3-367207178,S3-488495890,S3-990254158,S2-516364576
